{
    "Name": "Green Sweater",
    "FrontShirt": {
  "SleeveColors": [
      [ 85,91,60 ],
      [ 140,144,99 ],
      [ 148,152,109 ]
    ],
               "DisableGrayscale": true,
        "StartingPosition": {
            "X": 0,
            "Y": 0
        },
        "BodyPosition": {
            "X": 0,
            "Y": 0
        },
        "ShirtSize": {
            "Width": 8,
            "Length": 8
        }

    },
    "RightShirt": {
  "SleeveColors": [
      [ 85,91,60 ],
      [ 140,144,99 ],
      [ 148,152,109 ]
    ],
               "DisableGrayscale": true,
        "StartingPosition": {
            "X": 0,
            "Y": 8
        },
        "BodyPosition": {
            "X": 0,
            "Y": 0
        },
        "ShirtSize": {
            "Width": 8,
            "Length": 8
        }
    },
    "LeftShirt": {
  "SleeveColors": [
      [ 85,91,60 ],
      [ 140,144,99 ],
      [ 148,152,109 ]
    ],
               "DisableGrayscale": true,
        "StartingPosition": {
            "X": 0,
            "Y": 16
        },

        "BodyPosition": {
            "X": 0,
            "Y": 0
        },
        "ShirtSize": {
            "Width": 8,
            "Length": 8
        }
    },
    "BackShirt": {
  "SleeveColors": [
      [ 85,91,60 ],
      [ 140,144,99 ],
      [ 148,152,109 ]
    ],
              "DisableGrayscale": true,
        "StartingPosition": {
            "X": 0,
            "Y": 24
        },
        "BodyPosition": {
            "X": 0,
            "Y": -1
        },
        "ShirtSize": {
            "Width": 8,
            "Length": 8
        }
    }
}