{
    "Anniversary_en": "Wedding Anniversary",
	"Anniversary_de": "Hochzeitstag",
	"Anniversary_es": "Aniversario de Bodas",
	"Anniversary_fr": "Anniversaire de Mariage",
	"Anniversary_hu": "Házassági Évforduló",
	"Anniversary_it": "Anniversario di Matrimonio",
	"Anniversary_ja": "結婚記念日",
	"Anniversary_ko": "결혼 기념일",
	"Anniversary_pt": "Aniversário de Casamento",
	"Anniversary_ru": "Годовщина Cвадьбы",
	"Anniversary_tr": "Evlilik Yıldönümü",
	"Anniversary_zh": "结婚纪念日",	
	"Roommate_en": "Roommate Anniversary",
	"Roommate_de": "Jahrestag des Mitbewohners",
	"Roommate_es": "Aniversario de Compañero de Cuarto",
	"Roommate_fr": "Anniversaire de Colocation",
	"Roommate_hu": "Szobatárs Évfordulója",
	"Roommate_it": "Anniversario del Compagno di Stanza",
	"Roommate_ja": "ルームメイト記念日",
	"Roommate_ko": "룸메이트 기념일",
	"Roommate_pt": "Aniversário de Colega de Quarto",
	"Roommate_ru": "Годовщина Соседа по Комнате",
	"Roommate_tr": "Oda Arkadaşı Yıldönümü",
	"Roommate_zh": "室友周年纪念"
}