 {
    "Name": "Amantia Top",
    "FrontShirt": {
  "SleeveColors": [
      [ 198,158,146 ],
      [ 231,198,188 ],
      [ 246,224,217 ]
    ],
               "DisableGrayscale": true,
        "StartingPosition": {
            "X": 0,
            "Y": 0
        },
        "BodyPosition": {
            "X": 0,
            "Y": 0
        },
        "ShirtSize": {
            "Width": 8,
            "Length": 7
        }
    },
    "RightShirt": {
  "SleeveColors": [
      [ 198,158,146 ],
      [ 231,198,188 ],
      [ 246,224,217 ]
    ],
               "DisableGrayscale": true,
        "StartingPosition": {
            "X": 0,
            "Y": 7
        },
        "BodyPosition": {
            "X": 0,
            "Y": 0
        },
        "ShirtSize": {
            "Width": 8,
            "Length": 7
        }
    },
    "LeftShirt": {
  "SleeveColors": [
      [ 198,158,146 ],
      [ 231,198,188 ],
      [ 246,224,217 ]
    ],
               "DisableGrayscale": true,
        "StartingPosition": {
            "X": 0,
            "Y": 14
        },
        "BodyPosition": {
            "X": 0,
            "Y": 0
        },
        "ShirtSize": {
            "Width": 8,
            "Length": 7
        }
    },
    "BackShirt": {
  "SleeveColors": [
      [ 198,158,146 ],
      [ 231,198,188 ],
      [ 246,224,217 ]
    ],
              "DisableGrayscale": true,
        "StartingPosition": {
            "X": 0,
            "Y": 21
        },
        "BodyPosition": {
            "X": 0,
            "Y": -1
        },
        "ShirtSize": {
            "Width": 8,
            "Length": 8
        }
    }
}