{
  "Name": "Tirimasu Cardigan",
  "FrontShirt": {

    "DisableGrayscale": true,

    "SleeveColors": [
      [ 96, 62, 50 ],
      [ 106, 70, 56 ],
      [ 118, 91, 65 ]
    ],
    "StartingPosition": {
      "X": 0,
      "Y": 0
    },
    "BodyPosition": {
      "X": 0,
      "Y": 0
    },
    "ShirtSize": {
      "Width": 8,
      "Length": 8
    }
  },
  "RightShirt": {
    "DisableGrayscale": true,
    "SleeveColors": [
      [ 96, 62, 50 ],
      [ 106, 70, 56 ],
      [ 118, 91, 65 ]
    ],
    "StartingPosition": {
      "X": 0,
      "Y": 8
    },
    "BodyPosition": {
      "X": 0,
      "Y": 0
    },
    "ShirtSize": {
      "Width": 8,
      "Length": 8
    }
  },
  "LeftShirt": {
    "DisableGrayscale": true,
    "SleeveColors": [
      [ 96, 62, 50 ],
      [ 106, 70, 56 ],
      [ 118, 91, 65 ]
    ],
    "StartingPosition": {
      "X": 0,
      "Y": 16
    },
    "BodyPosition": {
      "X": 0,
      "Y": 0
    },
    "ShirtSize": {
      "Width": 8,
      "Length": 8
    }
  },
  "BackShirt": {
    "DisableGrayscale": true,
    "SleeveColors": [
      [ 96, 62, 50 ],
      [ 106, 70, 56 ],
      [ 118, 91, 65 ]
    ],
    "StartingPosition": {
      "X": 0,
      "Y": 24
    },
    "BodyPosition": {
      "X": 0,
      "Y": 0
    },
    "ShirtSize": {
      "Width": 8,
      "Length": 8
    }
  }
}