{
  "Name": "Root Basket",
  "BackAccessory": {
  "DrawBeforeHair": true,
    "ColorMasks": [
      [ 0, 0, 0 ],
    ],
    "StartingPosition": {
      "X": 0,
      "Y": 0
    },
    "HeadPosition": {
      "X": 0,
      "Y": -10
    },
    "AccessorySize": {
      "Width": 16,
      "Length": 16
    },
    "UniformAnimation": [
      {
        "Frame": 0,
        "Duration": 100,
        "OverrideStartingIndex": true,
        "Conditions": [
          {
            "Name": "InventoryItemCount",
            "Operator": "GreaterThan",
            "Value": 0
          },
          {
            "Name": "InventoryItemCount",
            "Operator": "LessThan",
            "Value": 12
          }
        ]
      },
      {
        "Frame": 1,
        "Duration": 100,
        "OverrideStartingIndex": true,
        "Conditions": [
          {
            "Name": "InventoryItemCount",
            "Operator": "GreaterThan",
            "Value": 11
          },
          {
            "Name": "InventoryItemCount",
            "Operator": "LessThan",
            "Value": 24
          }
        ]
      },
      {
        "Frame": 2,
        "Duration": 100,
        "OverrideStartingIndex": true,
        "Conditions": [
          {
            "Name": "InventoryItemCount",
            "Operator": "GreaterThan",
            "Value": 23
          }
        ]
      }
    ]
  },
  "FrontAccessory": {
  "DrawBeforeHair": true,
    "ColorMasks": [
      [ 0, 0, 0 ]
    ],
    "DrawAfterPlayer": true,
    "StartingPosition": {
      "X": 0,
      "Y": 16
    },
    "HeadPosition": {
      "X": 0,
      "Y": -9
    },
    "AccessorySize": {
      "Width": 16,
      "Length": 16
    },
    "UniformAnimation": [
      {
        "Frame": 0,
        "Duration": 100
      }
    ]
  },
  "RightAccessory": {
  "DrawBeforeHair": true,
    "ColorMasks": [
      [ 0, 0, 0 ]
    ],
    "DrawBeforeHair": true,
    "DrawAfterPlayer": true,
    "StartingPosition": {
      "X": 16,
      "Y": 16
    },
    "HeadPosition": {
      "X": 8,
      "Y": -9
    },
    "AccessorySize": {
      "Width": 16,
      "Length": 16
    },
    "UniformAnimation": [
      {
        "Frame": 0,
        "Duration": 100,
        "Conditions": [
          {
            "Name": "InventoryItemCount",
            "Operator": "EqualTo",
            "Value": 0
          }
        ]
      },
      {
        "Frame": 1,
        "Duration": 100,
        "OverrideStartingIndex": true,
        "Conditions": [
          {
            "Name": "InventoryItemCount",
            "Operator": "GreaterThan",
            "Value": 0
          },
          {
            "Name": "InventoryItemCount",
            "Operator": "LessThan",
            "Value": 12
          }
        ]
      },
      {
        "Frame": 2,
        "Duration": 100,
        "OverrideStartingIndex": true,
        "Conditions": [
          {
            "Name": "InventoryItemCount",
            "Operator": "GreaterThan",
            "Value": 11
          },
          {
            "Name": "InventoryItemCount",
            "Operator": "LessThan",
            "Value": 24
          }
        ]
      },
      {
        "Frame": 3,
        "Duration": 100,
        "OverrideStartingIndex": true,
        "Conditions": [
          {
            "Name": "InventoryItemCount",
            "Operator": "GreaterThan",
            "Value": 23
          },
          {
            "Name": "InventoryItemCount",
            "Operator": "LessThan",
            "Value": 36
          }
        ]
      },
      {
        "Frame": 4,
        "Duration": 100,
        "OverrideStartingIndex": true,
        "Conditions": [
          {
            "Name": "IsInventoryFull",
            "Value": true
          }
        ]
      }
    ]
  },
  "LeftAccessory": {
  "DrawBeforeHair": true,
    "ColorMasks": [
      [ 0, 0, 0 ]
    ],
    "Flipped": true,
    "DrawBeforeHair": true,
    "DrawAfterPlayer": true,
    "StartingPosition": {
      "X": 16,
      "Y": 16
    },
    "HeadPosition": {
      "X": -8,
      "Y": -9
    },
    "AccessorySize": {
      "Width": 16,
      "Length": 16
    },
    "UniformAnimation": [
      {
        "Frame": 0,
        "Duration": 100,
        "Conditions": [
          {
            "Name": "InventoryItemCount",
            "Operator": "EqualTo",
            "Value": 0
          }
        ]
      },
      {
        "Frame": 1,
        "Duration": 100,
        "OverrideStartingIndex": true,
        "Conditions": [
          {
            "Name": "InventoryItemCount",
            "Operator": "GreaterThan",
            "Value": 0
          },
          {
            "Name": "InventoryItemCount",
            "Operator": "LessThan",
            "Value": 12
          }
        ]
      },
      {
        "Frame": 2,
        "Duration": 100,
        "OverrideStartingIndex": true,
        "Conditions": [
          {
            "Name": "InventoryItemCount",
            "Operator": "GreaterThan",
            "Value": 11
          },
          {
            "Name": "InventoryItemCount",
            "Operator": "LessThan",
            "Value": 24
          }
        ]
      },
      {
        "Frame": 3,
        "Duration": 100,
        "OverrideStartingIndex": true,
        "Conditions": [
          {
            "Name": "InventoryItemCount",
            "Operator": "GreaterThan",
            "Value": 23
          },
          {
            "Name": "InventoryItemCount",
            "Operator": "LessThan",
            "Value": 36
          }
        ]
      },
      {
        "Frame": 4,
        "Duration": 100,
        "OverrideStartingIndex": true,
        "Conditions": [
          {
            "Name": "IsInventoryFull",
            "Value": true
          }
        ]
      }
    ]
  }
}
