 {
    "Name": "Honey Top",
    "FrontShirt": {
  "SleeveColors": [
      [ 209,172,161 ],
      [ 245,230,226 ],
      [ 240,210,201 ]
    ],
               "DisableGrayscale": true,
        "StartingPosition": {
            "X": 0,
            "Y": 0
        },
        "BodyPosition": {
            "X": 0,
            "Y": 0
        },
        "ShirtSize": {
            "Width": 8,
            "Length": 7
        }
    },
    "RightShirt": {
  "SleeveColors": [
      [ 209,172,161 ],
      [ 245,230,226 ],
      [ 240,210,201 ]
    ],
               "DisableGrayscale": true,
        "StartingPosition": {
            "X": 0,
            "Y": 7
        },
        "BodyPosition": {
            "X": 0,
            "Y": 0
        },
        "ShirtSize": {
            "Width": 8,
            "Length": 7
        }
    },
    "LeftShirt": {
  "SleeveColors": [
      [ 209,172,161 ],
      [ 245,230,226 ],
      [ 240,210,201 ]
    ],
               "DisableGrayscale": true,
        "StartingPosition": {
            "X": 0,
            "Y": 14
        },
        "BodyPosition": {
            "X": 0,
            "Y": 0
        },
        "ShirtSize": {
            "Width": 8,
            "Length": 7
        }
    },
    "BackShirt": {
  "SleeveColors": [
      [ 209,172,161 ],
      [ 245,230,226 ],
      [ 240,210,201 ]
    ],
              "DisableGrayscale": true,
        "StartingPosition": {
            "X": 0,
            "Y": 21
        },
        "BodyPosition": {
            "X": 0,
            "Y": -1
        },
        "ShirtSize": {
            "Width": 8,
            "Length": 8
        }
    }
}