{
  "Name": "Clip",
  "FrontHat": {
    "StartingPosition": {
      "X": 0,
      "Y": 0
    },
    "HeadPosition": {
      "X": 0,
      "Y": 0
    },
    "HatSize": {
      "Width": 20,
      "Length": 20
    }
  },
  "RightHat": {
    "StartingPosition": {
      "X": 0,
      "Y": 20
    },
    "HeadPosition": {
      "X": 0,
      "Y": 0
    },
    "HatSize": {
      "Width": 20,
      "Length": 20
    }
  }, 
    "LeftHat": {
    "StartingPosition": {
      "X": 0,
      "Y": 40
    },
    "HeadPosition": {
      "X": 0,
      "Y": 0
    },
    "HatSize": {
      "Width": 20,
      "Length": 20
    }
  },
  "BackHat": {
    "StartingPosition": {
      "X": 0,
      "Y": 60
    },
    "HeadPosition": {
      "X": 0,
      "Y": 0
    },
    "HatSize": {
      "Width": 20,
      "Length": 20
    }
  }
}
