{
  "Name": "Mocha Overalls Top",
  "FrontShirt": {

    "DisableGrayscale": true,

    "SleeveColors": [
      [ 178, 145, 117 ],
      [ 193, 163, 138 ],
      [ 208, 183, 155 ]
    ],
    "StartingPosition": {
      "X": 0,
      "Y": 0
    },
    "BodyPosition": {
      "X": 0,
      "Y": 0
    },
    "ShirtSize": {
      "Width": 8,
      "Length": 8
    }
  },
  "RightShirt": {
    "DisableGrayscale": true,
    "SleeveColors": [
      [ 178, 145, 117 ],
      [ 193, 163, 138 ],
      [ 208, 183, 155 ]
    ],
    "StartingPosition": {
      "X": 0,
      "Y": 8
    },
    "BodyPosition": {
      "X": 0,
      "Y": 0
    },
    "ShirtSize": {
      "Width": 8,
      "Length": 8
    }
  },
  "LeftShirt": {
    "DisableGrayscale": true,
    "SleeveColors": [
      [ 178, 145, 117 ],
      [ 193, 163, 138 ],
      [ 208, 183, 155 ]
    ],
    "StartingPosition": {
      "X": 0,
      "Y": 16
    },
    "BodyPosition": {
      "X": 0,
      "Y": 0
    },
    "ShirtSize": {
      "Width": 8,
      "Length": 8
    }
  },
  "BackShirt": {
    "DisableGrayscale": true,
    "SleeveColors": [
      [ 178, 145, 117 ],
      [ 193, 163, 138 ],
      [ 208, 183, 155 ]
    ],
    "StartingPosition": {
      "X": 0,
      "Y": 24
    },
    "BodyPosition": {
      "X": 0,
      "Y": 0
    },
    "ShirtSize": {
      "Width": 8,
      "Length": 8
    }
  }
}