{
    "Name": "Sophie's Top",
    "FrontShirt": {
  "SleeveColors": [
      [ 36,61,138 ],
      [ 69,101,202 ],
      [ 81,112,208 ]
    ],
               "DisableGrayscale": true,
        "StartingPosition": {
            "X": 0,
            "Y": 0
        },
        "BodyPosition": {
            "X": 0,
            "Y": 0
        },
        "ShirtSize": {
            "Width": 8,
            "Length": 7
        }
    },
    "RightShirt": {
  "SleeveColors": [
      [ 36,61,138 ],
      [ 69,101,202 ],
      [ 81,112,208 ]
    ],
               "DisableGrayscale": true,
        "StartingPosition": {
            "X": 0,
            "Y": 7
        },
        "BodyPosition": {
            "X": 0,
            "Y": 0
        },
        "ShirtSize": {
            "Width": 8,
            "Length": 7
        }
    },
    "LeftShirt": {
  "SleeveColors": [
      [ 36,61,138 ],
      [ 69,101,202 ],
      [ 81,112,208 ]
    ],
               "DisableGrayscale": true,
        "StartingPosition": {
            "X": 0,
            "Y": 14
        },
        "BodyPosition": {
            "X": 0,
            "Y": 0
        },
        "ShirtSize": {
            "Width": 8,
            "Length": 7
        }
    },
    "BackShirt": {
  "SleeveColors": [
      [ 36,61,138 ],
      [ 69,101,202 ],
      [ 81,112,208 ]
    ],
              "DisableGrayscale": true,
        "StartingPosition": {
            "X": 0,
            "Y": 21
        },
        "BodyPosition": {
            "X": 0,
            "Y": -1
        },
        "ShirtSize": {
            "Width": 8,
            "Length": 7
        }
    }
}