{
  "Name": "Warm Gloss",
  "FrontAccessory": {
    "DrawBeforePlayer": true,
    "StartingPosition": {
      "X": 0,
      "Y": 0
    },
    "HeadPosition": {
      "X": 0,
      "Y": 0
    },
    "AccessorySize": {
      "Width": 16,
      "Length": 16
    },
  },
  "RightAccessory": {
    "DrawBeforePlayer": true,
    "StartingPosition": {
      "X": 0,
      "Y": 16
    },
    "HeadPosition": {
      "X": 0,
      "Y": 0
    },
    "AccessorySize": {
      "Width": 16,
      "Length": 16
    },
  },
  "LeftAccessory": {
    "DrawBeforePlayer": true,
    "Flipped": true,
    "StartingPosition": {
      "X": 0,
      "Y": 16
    },
    "HeadPosition": {
      "X": 0,
      "Y": 0
    },
    "AccessorySize": {
      "Width": 16,
      "Length": 16
    },
  }
}
