{
  "Name": "Hat - Black Ribbon",
  "FrontHat": {
        "ColorMaskLayers": [
      {
        "Name": "Hat Color",
        "Values": [
                      [ 0, 0, 0 ],
                      [ 0, 0, 0 ],
                      [ 0, 0, 0 ],
                      [ 0, 0, 0 ],
                      [ 0, 0, 0 ],
                      [ 0, 0, 0 ]
        ]
      }
    ],
    "StartingPosition": {
      "X": 0,
      "Y": 0
    },
    "HeadPosition": {
      "X": 1,
      "Y": 0
    },
    "HatSize": {
      "Width": 22,
      "Length": 20
    }
  },
  "RightHat": {
    "HideHair": false,
        "ColorMaskLayers": [
      {
        "Name": "Hat Color",
        "Values": [
                      [ 0, 0, 0 ],
                      [ 0, 0, 0 ],
                      [ 0, 0, 0 ],
                      [ 0, 0, 0 ],
                      [ 0, 0, 0 ],
                      [ 0, 0, 0 ]
        ]
      }
    ],
    "StartingPosition": {
      "X": 0,
      "Y": 20
    },
    "HeadPosition": {
      "X": 2,
      "Y": 0
    },
    "HatSize": {
      "Width": 22,
      "Length": 20
    }
  },
   "LeftHat": {
    "HideHair": false,
        "ColorMaskLayers": [
      {
        "Name": "Hat Color",
        "Values": [
                      [ 0, 0, 0 ],
                      [ 0, 0, 0 ],
                      [ 0, 0, 0 ],
                      [ 0, 0, 0 ],
                      [ 0, 0, 0 ],
                      [ 0, 0, 0 ]
        ]
      }
    ],
    "StartingPosition": {
      "X": 0,
      "Y": 40
    },
    "HeadPosition": {
      "X": 0,
      "Y": 0
    },
    "HatSize": {
      "Width": 22,
      "Length": 20
    }
  },
  "BackHat": {
    "HideHair": false,
        "ColorMaskLayers": [
      {
        "Name": "Hat Color",
        "Values": [
                      [ 0, 0, 0 ],
                      [ 0, 0, 0 ],
                      [ 0, 0, 0 ],
                      [ 0, 0, 0 ],
                      [ 0, 0, 0 ],
                      [ 0, 0, 0 ]
        ]
      }
    ],
    "StartingPosition": {
      "X": 0,
      "Y": 60
    },
    "HeadPosition": {
      "X": 1,
      "Y": 0
    },
    "HatSize": {
      "Width": 22,
      "Length": 20
    }
  }
}