{
  // See the wiki for all sleeve properties: https://github.com/Floogen/FashionSense/wiki/Sleeves-Model-Properties

  // Refer to https://stardewvalleywiki.com/Modding:Farmer_sprite for frame data
  // Note: When using the above the formula for converting R#F# from pants value to sleeves is generally:
  // ((R - 1) * 12) + F -> This is due to the vanilla sleeves having 12 columns vs the 6 from pants
  // You do not need to follow this convention if using a custom tilesheet

  "Name": "Default (Tall)",
  "Format": "6.3.0",
  "FrontSleeves": {
    "DisableNativeOffset": true,
    "ColorMasks": [
      [ 36, 36, 36 ],
      [ 119, 119, 119 ],
      [ 158, 158, 158 ]
    ],
    "UseShirtColors": true,
    "DisableSkinGrayscale": true,
    "SkinToneMasks": {
      "LightTone": [ 255, 255, 255 ],
      "MediumTone": [ 249, 224, 223 ],
      "DarkTone": [ 107, 0, 58 ]
    },
    "StartingPosition": {
      "X": 0,
      "Y": 0
    },
    "BodyPosition": {
      "X": 0,
      "Y": 0
    },
    "SleevesSize": {
      "Width": 16,
      "Length": 32
    },
    "UniformAnimation": [
      // Start of self-descriptive frames
      {
        "Frame": 0, // Also Dancing frame
        "EndWhenFarmerFrameUpdates": true,
        "Conditions": [
          {
            "GroupName": "IsIdle",
            "Value": true
          },
          {
            "Name": "IsCarrying",
            "Value": false
          },
          {
            "Name": "IsPassingOut",
            "Value": false
          }
        ]
      },
      {
        "Frame": 209,
        "EndWhenFarmerFrameUpdates": true,
        "Conditions": [
          {
            "Name": "RidingHorse",
            "Value": true
          }
        ]
      },
      {
        "Frame": 215,
        "EndWhenFarmerFrameUpdates": true,
        "Conditions": [
          {
            "Name": "IsSitting",
            "Value": true
          }
        ]
      },
      // End of self-descriptive frames

      // Start of Laughing frames
      {
        "Frame": 204,
        "EndWhenFarmerFrameUpdates": true,
        "Conditions": [
          {
            "Name": "CurrentFarmerFrame",
            "Value": 102
          }
        ]
      },
      {
        "Frame": 205,
        "EndWhenFarmerFrameUpdates": true,
        "Conditions": [
          {
            "Name": "CurrentFarmerFrame",
            "Value": 103
          }
        ]
      },
      // End of Laughing frames

      // Start of Uh? frames
      {
        "Frame": 16,
        "EndWhenFarmerFrameUpdates": true,
        "Conditions": [
          {
            "Name": "CurrentFarmerFrame",
            "Value": 10
          }
        ]
      },
      // End of Uh? frames

      // Start of No frames
      {
        "Frame": 49,
        "EndWhenFarmerFrameUpdates": true,
        "Conditions": [
          {
            "Name": "CurrentFarmerFrame",
            "Value": 25
          },
          {
            "Name": "IsUsingDagger",
            "Value": false
          },
          {
            "Name": "IsWatering",
            "Value": false
          },
          {
            "Name": "IsUsingScythe",
            "Value": false
          }
        ]
      },
      // End of No frames

      // Start of Surprised frames
      {
        "Frame": 184,
        "EndWhenFarmerFrameUpdates": true,
        "Conditions": [
          {
            "Name": "CurrentFarmerFrame",
            "Value": 94
          }
        ]
      },
      // End of Surprised frames

      // Start of Sitting / Clasped frames
      {
        "Frame": 185,
        "EndWhenFarmerFrameUpdates": true,
        "Conditions": [
          {
            "Name": "CurrentFarmerFrame",
            "Value": 95
          }
        ]
      },
      // End of Sitting / Clasped frames

      // Start of flute playing frames
      {
        "Frame": 200,
        "EndWhenFarmerFrameUpdates": true,
        "Conditions": [
          {
            "Name": "CurrentFarmerFrame",
            "Value": 98
          }
        ]
      },
      {
        "Frame": 201,
        "EndWhenFarmerFrameUpdates": true,
        "Conditions": [
          {
            "Name": "CurrentFarmerFrame",
            "Value": 99
          }
        ]
      },
      {
        "Frame": 202,
        "EndWhenFarmerFrameUpdates": true,
        "Conditions": [
          {
            "Name": "CurrentFarmerFrame",
            "Value": 100
          }
        ]
      },
      // End of flute playing frames

      // Start of Passing Out / Dancing frames
      {
        "Frame": 0,
        "EndWhenFarmerFrameUpdates": true,
        "Conditions": [
          {
            "Name": "CurrentFarmerFrame",
            "Value": 0
          },
          {
            "Name": "IsPassingOut",
            "Value": true
          }
        ]
      },
      {
        "Frame": 3, // Dancing frame
        "EndWhenFarmerFrameUpdates": true,
        "Conditions": [
          {
            "Name": "CurrentFarmerFrame",
            "Value": 3
          }
        ]
      },
      {
        "Frame": 4, // Passing Out / Dancing frame
        "EndWhenFarmerFrameUpdates": true,
        "Conditions": [
          {
            "Name": "CurrentFarmerFrame",
            "Value": 4
          }
        ]
      },
      {
        "Frame": 5,
        "EndWhenFarmerFrameUpdates": true,
        "Conditions": [
          {
            "Name": "CurrentFarmerFrame",
            "Value": 5
          },
          {
            "Name": "IsPassingOut",
            "Value": true
          }
        ]
      },
      {
        "Frame": 28,
        "EndWhenFarmerFrameUpdates": true,
        "Conditions": [
          {
            "Name": "CurrentFarmerFrame",
            "Value": 16
          },
          {
            "Name": "IsPassingOut",
            "Value": true
          }
        ]
      },
      // End of Passing Out / Dancing frames

      // Start of Nausea frames
      {
        "Frame": 206,
        "EndWhenFarmerFrameUpdates": true,
        "Conditions": [
          {
            "Name": "CurrentFarmerFrame",
            "Value": 104
          }
        ]
      },
      {
        "Frame": 207,
        "EndWhenFarmerFrameUpdates": true,
        "Conditions": [
          {
            "Name": "CurrentFarmerFrame",
            "Value": 105
          }
        ]
      },
      // End of Nausea frames

      // Start of Harvesting / Milking frames
      {
        "Frame": 108,
        "EndWhenFarmerFrameUpdates": true,
        "Conditions": [
          {
            "Name": "CurrentFarmerFrame",
            "Value": 54
          }
        ]
      },
      {
        "Frame": 109,
        "EndWhenFarmerFrameUpdates": true,
        "Conditions": [
          {
            "Name": "CurrentFarmerFrame",
            "Value": 55
          }
        ]
      },
      {
        "Frame": 110,
        "EndWhenFarmerFrameUpdates": true,
        "Conditions": [
          {
            "Name": "CurrentFarmerFrame",
            "Value": 56
          }
        ]
      },
      {
        "Frame": 111, // Also Fishing -> Caught frame
        "EndWhenFarmerFrameUpdates": true,
        "Conditions": [
          {
            "Name": "CurrentFarmerFrame",
            "Value": 57
          }
        ]
      },
      // End of Harvesting frames

      // Start of Eating frames
      {
        "Frame": 168, // Also Fishing -> Caught frame
        "EndWhenFarmerFrameUpdates": true,
        "Conditions": [
          {
            "Name": "CurrentFarmerFrame",
            "Value": 84
          }
        ]
      },
      {
        "Frame": 169,
        "EndWhenFarmerFrameUpdates": true,
        "Conditions": [
          {
            "Name": "CurrentFarmerFrame",
            "Value": 85
          }
        ]
      },
      {
        "Frame": 170,
        "EndWhenFarmerFrameUpdates": true,
        "Conditions": [
          {
            "Name": "CurrentFarmerFrame",
            "Value": 86
          }
        ]
      },
      {
        "Frame": 171,
        "EndWhenFarmerFrameUpdates": true,
        "Conditions": [
          {
            "Name": "CurrentFarmerFrame",
            "Value": 87
          }
        ]
      },
      {
        "Frame": 172,
        "EndWhenFarmerFrameUpdates": true,
        "Conditions": [
          {
            "Name": "CurrentFarmerFrame",
            "Value": 88
          }
        ]
      },
      // End of Eating frames

      // Start of Drinking frames
      {
        "Frame": 180,
        "EndWhenFarmerFrameUpdates": true,
        "Conditions": [
          {
            "Name": "CurrentFarmerFrame",
            "Value": 90
          }
        ]
      },
      {
        "Frame": 181,
        "EndWhenFarmerFrameUpdates": true,
        "Conditions": [
          {
            "Name": "CurrentFarmerFrame",
            "Value": 91
          }
        ]
      },
      {
        "Frame": 182,
        "EndWhenFarmerFrameUpdates": true,
        "Conditions": [
          {
            "Name": "CurrentFarmerFrame",
            "Value": 92
          }
        ]
      },
      {
        "Frame": 183,
        "EndWhenFarmerFrameUpdates": true,
        "Conditions": [
          {
            "Name": "CurrentFarmerFrame",
            "Value": 93
          }
        ]
      },
      // End of Drinking frames

      // Start of Heavy Tool (including Fishing -> Casting) frames
      {
        "Frame": 132, // Also Fishing -> Reeling frame
        "EndWhenFarmerFrameUpdates": true,
        "Conditions": [
          {
            "Name": "CurrentFarmerFrame",
            "Value": 66
          }
        ]
      },
      {
        "Frame": 133,
        "EndWhenFarmerFrameUpdates": true,
        "Conditions": [
          {
            "Name": "CurrentFarmerFrame",
            "Value": 67
          }
        ]
      },
      {
        "Frame": 134,
        "EndWhenFarmerFrameUpdates": true,
        "Conditions": [
          {
            "Name": "CurrentFarmerFrame",
            "Value": 68
          }
        ]
      },
      {
        "Frame": 135,
        "EndWhenFarmerFrameUpdates": true,
        "Conditions": [
          {
            "Name": "CurrentFarmerFrame",
            "Value": 69
          }
        ]
      },
      {
        "Frame": 136, // Also Fishing -> Reeling frame
        "EndWhenFarmerFrameUpdates": true,
        "Conditions": [
          {
            "Name": "CurrentFarmerFrame",
            "Value": 70
          }
        ]
      },
      {
        "Frame": 146, // Also Fishing -> Caught frame
        "EndWhenFarmerFrameUpdates": true,
        "Conditions": [
          {
            "Name": "CurrentFarmerFrame",
            "Value": 74
          }
        ]
      },
      {
        "Frame": 147,
        "EndWhenFarmerFrameUpdates": true,
        "Conditions": [
          {
            "Name": "CurrentFarmerFrame",
            "Value": 75
          }
        ]
      },
      // End of Heavy Tool frames

      // Start of Scythe / Melee Weapons frames
      {
        "Frame": 54,
        "EndWhenFarmerFrameUpdates": true,
        "Conditions": [
          {
            "Name": "CurrentFarmerFrame",
            "Value": 24
          }
        ]
      },
      {
        "Frame": 55, // Dagger frame
        "EndWhenFarmerFrameUpdates": true,
        "Conditions": [
          {
            "Name": "CurrentFarmerFrame",
            "Value": 25
          },
          {
            "Name": "IsUsingDagger",
            "Value": true
          }
        ]
      },
      {
        "Frame": 56,
        "EndWhenFarmerFrameUpdates": true,
        "Conditions": [
          {
            "Name": "CurrentFarmerFrame",
            "Value": 26
          }
        ]
      },
      {
        "Frame": 57, // Dagger frame
        "EndWhenFarmerFrameUpdates": true,
        "Conditions": [
          {
            "Name": "CurrentFarmerFrame",
            "Value": 27
          }
        ]
      },
      {
        "Frame": 58, // Sword -> Block frame
        "EndWhenFarmerFrameUpdates": true,
        "Conditions": [
          {
            "Name": "CurrentFarmerFrame",
            "Value": 28
          }
        ]
      },
      {
        "Frame": 59,
        "EndWhenFarmerFrameUpdates": true,
        "Conditions": [
          {
            "Name": "CurrentFarmerFrame",
            "Value": 29
          }
        ]
      },
      // End of Scythe / Melee Weapons frames

      // Start of Watering Can frames
      {
        "Frame": 49,
        "EndWhenFarmerFrameUpdates": true,
        "Conditions": [
          {
            "Name": "CurrentFarmerFrame",
            "Value": 25
          },
          {
            "Name": "IsWatering", // Need to check IsWater, as the dagger and watering can share the same frame index (but not position)
            "Value": true
          }
        ]
      },
      // End of Watering Can frames

      // Start of Slingshot frames
      {
        "Frame": 84,
        "SubFrames": [
          {
            "Frame": 87,
            "Handling": "SlingshotBackArm"
          },
          {
            "Frame": 90,
            "Handling": "SlingshotFrontArm"
          }
        ],
        "EndWhenFarmerFrameUpdates": true,
        "Conditions": [
          {
            "Name": "CurrentFarmerFrame",
            "Value": 42
          }
        ]
      },
      // End of Slingshot frames

      // Start of Panning frames
      {
        "Frame": 243,
        "EndWhenFarmerFrameUpdates": true,
        "Conditions": [
          {
            "Name": "CurrentFarmerFrame",
            "Value": 123
          }
        ]
      },
      {
        "Frame": 244,
        "EndWhenFarmerFrameUpdates": true,
        "Conditions": [
          {
            "Name": "CurrentFarmerFrame",
            "Value": 124
          }
        ]
      },
      {
        "Frame": 245,
        "EndWhenFarmerFrameUpdates": true,
        "Conditions": [
          {
            "Name": "CurrentFarmerFrame",
            "Value": 125
          }
        ]
      },
      // End of Panning frames

      // Start of Shearing frames
      {
        "Frame": 156,
        "EndWhenFarmerFrameUpdates": true,
        "Conditions": [
          {
            "Name": "CurrentFarmerFrame",
            "Value": 78
          }
        ]
      },
      {
        "Frame": 157,
        "EndWhenFarmerFrameUpdates": true,
        "Conditions": [
          {
            "Name": "CurrentFarmerFrame",
            "Value": 79
          }
        ]
      },
      // End of Shearing frames

      // Start of Walking and Running frames
      {
        "Frame": 0,
        "EndWhenFarmerFrameUpdates": true,
        "Conditions": [
          {
            "Name": "CurrentFarmerFrame",
            "Value": 0
          },
          {
            "Name": "IsCarrying",
            "Value": false
          }
        ]
      },
      {
        "Frame": 1,
        "EndWhenFarmerFrameUpdates": true,
        "Conditions": [
          {
            "Name": "CurrentFarmerFrame",
            "Value": 1
          },
          {
            "Name": "IsCarrying",
            "Value": false
          }
        ]
      },
      {
        "Frame": 2,
        "EndWhenFarmerFrameUpdates": true,
        "Conditions": [
          {
            "Name": "CurrentFarmerFrame",
            "Value": 2
          },
          {
            "Name": "IsCarrying",
            "Value": false
          }
        ]
      },
      // End of Walking frames

      // Start of Running frames
      {
        "Frame": 36,
        "EndWhenFarmerFrameUpdates": true,
        "Conditions": [
          {
            "Name": "CurrentFarmerFrame",
            "Value": 18
          },
          {
            "Name": "IsCarrying",
            "Value": false
          }
        ]
      },
      {
        "Frame": 37,
        "EndWhenFarmerFrameUpdates": true,
        "Conditions": [
          {
            "Name": "CurrentFarmerFrame",
            "Value": 19
          },
          {
            "Name": "IsCarrying",
            "Value": false
          }
        ]
      },
      // End of Running frames

      // Start of Carrying and Walking frames
      {
        "Frame": 6,
        "EndWhenFarmerFrameUpdates": true,
        "Conditions": [
          {
            "Name": "CurrentFarmerFrame",
            "Value": 0
          },
          {
            "Name": "IsCarrying",
            "Value": true
          }
        ]
      },
      {
        "Frame": 7,
        "EndWhenFarmerFrameUpdates": true,
        "Conditions": [
          {
            "Name": "CurrentFarmerFrame",
            "Value": 1
          },
          {
            "Name": "IsCarrying",
            "Value": true
          }
        ]
      },
      {
        "Frame": 8,
        "EndWhenFarmerFrameUpdates": true,
        "Conditions": [
          {
            "Name": "CurrentFarmerFrame",
            "Value": 2
          },
          {
            "Name": "IsCarrying",
            "Value": true
          }
        ]
      },
      // End of Carrying and Walking frames

      // Start of Carrying and Walking frames
      {
        "Frame": 42,
        "EndWhenFarmerFrameUpdates": true,
        "Conditions": [
          {
            "Name": "CurrentFarmerFrame",
            "Value": 18
          },
          {
            "Name": "IsCarrying",
            "Value": true
          }
        ]
      },
      {
        "Frame": 43,
        "EndWhenFarmerFrameUpdates": true,
        "Conditions": [
          {
            "Name": "CurrentFarmerFrame",
            "Value": 19
          },
          {
            "Name": "IsCarrying",
            "Value": true
          }
        ]
      }
      // End of Carrying and Walking frames
    ]
  },
  "BackSleeves": {
    "DisableNativeOffset": true,
    "DrawOrderOverride": {
      "Preposition": "Before",
      "AppearanceType": "Player"
    },
    "ColorMasks": [
      [ 36, 36, 36 ],
      [ 119, 119, 119 ],
      [ 158, 158, 158 ]
    ],
    "UseShirtColors": true,
    "DisableSkinGrayscale": true,
    "SkinToneMasks": {
      "LightTone": [ 255, 255, 255 ],
      "MediumTone": [ 249, 224, 223 ],
      "DarkTone": [ 107, 0, 58 ]
    },
    "StartingPosition": {
      "X": 0,
      "Y": 0
    },
    "BodyPosition": {
      "X": 0,
      "Y": 0
    },
    "SleevesSize": {
      "Width": 16,
      "Length": 32
    },
    "UniformAnimation": [
      // Start of self-descriptive frames
      {
        "Frame": 221,
        "EndWhenFarmerFrameUpdates": true,
        "Conditions": [
          {
            "Name": "RidingHorse",
            "Value": true
          }
        ]
      },
      {
        "Frame": 215,
        "EndWhenFarmerFrameUpdates": true,
        "Conditions": [
          {
            "Name": "IsSitting",
            "Value": true
          }
        ]
      },
      // End of self-descriptive frames

      // Start of Harvesting / Milking frames
      {
        "Frame": 122,
        "EndWhenFarmerFrameUpdates": true,
        "Conditions": [
          {
            "Name": "CurrentFarmerFrame",
            "Value": 62
          }
        ]
      },
      {
        "Frame": 123,
        "EndWhenFarmerFrameUpdates": true,
        "Conditions": [
          {
            "Name": "CurrentFarmerFrame",
            "Value": 63
          }
        ]
      },
      {
        "Frame": 124,
        "EndWhenFarmerFrameUpdates": true,
        "Conditions": [
          {
            "Name": "CurrentFarmerFrame",
            "Value": 64
          }
        ]
      },
      {
        "Frame": 125,
        "EndWhenFarmerFrameUpdates": true,
        "Conditions": [
          {
            "Name": "CurrentFarmerFrame",
            "Value": 65
          }
        ]
      },
      // End of Harvesting frames

      // Start of Heavy Tool (including Fishing -> Casting) frames
      {
        "Frame": 72, // Also Fishing -> Reeling frame
        "EndWhenFarmerFrameUpdates": true,
        "Conditions": [
          {
            "Name": "CurrentFarmerFrame",
            "Value": 36
          }
        ]
      },
      {
        "Frame": 73,
        "EndWhenFarmerFrameUpdates": true,
        "Conditions": [
          {
            "Name": "CurrentFarmerFrame",
            "Value": 37
          }
        ]
      },
      {
        "Frame": 74,
        "EndWhenFarmerFrameUpdates": true,
        "Conditions": [
          {
            "Name": "CurrentFarmerFrame",
            "Value": 38
          }
        ]
      },
      // Frame 122 and 123 also are used, but they are already accounted for in Harvesting / Milking frames
      {
        "Frame": 148, // Also Fishing -> Caught frame
        "EndWhenFarmerFrameUpdates": true,
        "Conditions": [
          {
            "Name": "CurrentFarmerFrame",
            "Value": 76
          }
        ]
      },
      {
        "Frame": 149,
        "EndWhenFarmerFrameUpdates": true,
        "Conditions": [
          {
            "Name": "CurrentFarmerFrame",
            "Value": 77
          }
        ]
      },
      // End of Heavy Tool frames

      // Start of Scythe / Melee Weapons frames
      {
        "Frame": 81, // Dagger frame
        "EndWhenFarmerFrameUpdates": true,
        "Conditions": [
          {
            "Name": "CurrentFarmerFrame",
            "Value": 39
          }
        ]
      },
      {
        "Frame": 82, // Sword -> Block frame
        "EndWhenFarmerFrameUpdates": true,
        "Conditions": [
          {
            "Name": "CurrentFarmerFrame",
            "Value": 40
          }
        ]
      },
      {
        "Frame": 83,
        "EndWhenFarmerFrameUpdates": true,
        "Conditions": [
          {
            "Name": "CurrentFarmerFrame",
            "Value": 41
          }
        ]
      },
      // End of Scythe / Melee Weapons frames

      // Start of Watering Can frames
      {
        "Frame": 94,
        "EndWhenFarmerFrameUpdates": true,
        "Conditions": [
          {
            "Name": "CurrentFarmerFrame",
            "Value": 46
          }
        ]
      },
      // End of Watering Can frames

      // Start of Slingshot frames
      {
        "Frame": 86,
        "SubFrames": [
          {
            "Frame": 91,
            "Handling": "SlingshotFrontArm"
          }
        ],
        "EndWhenFarmerFrameUpdates": true,
        "Conditions": [
          {
            "Name": "CurrentFarmerFrame",
            "Value": 44
          }
        ]
      },
      // End of Slingshot frames

      // Start of Shearing frames
      {
        "Frame": 160,
        "EndWhenFarmerFrameUpdates": true,
        "Conditions": [
          {
            "Name": "CurrentFarmerFrame",
            "Value": 82
          }
        ]
      },
      {
        "Frame": 161,
        "EndWhenFarmerFrameUpdates": true,
        "Conditions": [
          {
            "Name": "CurrentFarmerFrame",
            "Value": 83
          }
        ]
      },
      // End of Shearing frames

      // Start of Walking and Running frames
      {
        "Frame": 24,
        "EndWhenFarmerFrameUpdates": true,
        "Conditions": [
          {
            "Name": "CurrentFarmerFrame",
            "Value": 12
          },
          {
            "Name": "IsCarrying",
            "Value": false
          }
        ]
      },
      {
        "Frame": 25,
        "EndWhenFarmerFrameUpdates": true,
        "Conditions": [
          {
            "Name": "CurrentFarmerFrame",
            "Value": 13
          },
          {
            "Name": "IsCarrying",
            "Value": false
          }
        ]
      },
      {
        "Frame": 26,
        "EndWhenFarmerFrameUpdates": true,
        "Conditions": [
          {
            "Name": "CurrentFarmerFrame",
            "Value": 14
          },
          {
            "Name": "IsCarrying",
            "Value": false
          }
        ]
      },
      // End of Walking frames

      // Start of Running frames
      {
        "Frame": 40,
        "EndWhenFarmerFrameUpdates": true,
        "Conditions": [
          {
            "Name": "CurrentFarmerFrame",
            "Value": 22
          },
          {
            "Name": "IsCarrying",
            "Value": false
          }
        ]
      },
      {
        "Frame": 41,
        "EndWhenFarmerFrameUpdates": true,
        "Conditions": [
          {
            "Name": "CurrentFarmerFrame",
            "Value": 23
          },
          {
            "Name": "IsCarrying",
            "Value": false
          }
        ]
      },
      // End of Running frames

      // Start of Carrying and Walking frames
      {
        "Frame": 30,
        "EndWhenFarmerFrameUpdates": true,
        "Conditions": [
          {
            "Name": "CurrentFarmerFrame",
            "Value": 12
          },
          {
            "Name": "IsCarrying",
            "Value": true
          }
        ]
      },
      {
        "Frame": 31,
        "EndWhenFarmerFrameUpdates": true,
        "Conditions": [
          {
            "Name": "CurrentFarmerFrame",
            "Value": 13
          },
          {
            "Name": "IsCarrying",
            "Value": true
          }
        ]
      },
      {
        "Frame": 32,
        "EndWhenFarmerFrameUpdates": true,
        "Conditions": [
          {
            "Name": "CurrentFarmerFrame",
            "Value": 14
          },
          {
            "Name": "IsCarrying",
            "Value": true
          }
        ]
      },
      // End of Carrying and Walking frames

      // Start of Carrying and Walking frames
      {
        "Frame": 46,
        "EndWhenFarmerFrameUpdates": true,
        "Conditions": [
          {
            "Name": "CurrentFarmerFrame",
            "Value": 22
          },
          {
            "Name": "IsCarrying",
            "Value": true
          }
        ]
      },
      {
        "Frame": 47,
        "EndWhenFarmerFrameUpdates": true,
        "Conditions": [
          {
            "Name": "CurrentFarmerFrame",
            "Value": 23
          },
          {
            "Name": "IsCarrying",
            "Value": true
          }
        ]
      }
      // End of Carrying and Walking frames
    ]
  },
  "RightSleeves": {
    "DisableNativeOffset": true,
    "ColorMasks": [
      [ 36, 36, 36 ],
      [ 119, 119, 119 ],
      [ 158, 158, 158 ]
    ],
    "UseShirtColors": true,
    "DisableSkinGrayscale": true,
    "SkinToneMasks": {
      "LightTone": [ 255, 255, 255 ],
      "MediumTone": [ 249, 224, 223 ],
      "DarkTone": [ 107, 0, 58 ]
    },
    "StartingPosition": {
      "X": 0,
      "Y": 0
    },
    "BodyPosition": {
      "X": 0,
      "Y": 0
    },
    "SleevesSize": {
      "Width": 16,
      "Length": 32
    },
    "UniformAnimation": [
      // Start of self-descriptive frames
      {
        "Frame": 208,
        "EndWhenFarmerFrameUpdates": true,
        "Conditions": [
          {
            "Name": "RidingHorse",
            "Value": true
          }
        ]
      },
      {
        "Frame": 231,
        "EndWhenFarmerFrameUpdates": true,
        "Conditions": [
          {
            "Name": "IsSitting",
            "Value": true
          }
        ]
      },
      // End of self-descriptive frames

      // Start of jar opening frames
      {
        "Frame": 219,
        "EndWhenFarmerFrameUpdates": true,
        "Conditions": [
          {
            "Name": "CurrentFarmerFrame",
            "Value": 111
          }
        ]
      },
      {
        "Frame": 220,
        "EndWhenFarmerFrameUpdates": true,
        "Conditions": [
          {
            "Name": "CurrentFarmerFrame",
            "Value": 112
          }
        ]
      },
      // End of jar opening frames

      // Start of cheer / wave frames
      {
        "Frame": 193,
        "EndWhenFarmerFrameUpdates": true,
        "Conditions": [
          {
            "Name": "CurrentFarmerFrame",
            "Value": 97
          }
        ]
      },
      // End of cheer / wave frames

      // Start of Harvesting / Milking frames
      {
        "Frame": 112,
        "EndWhenFarmerFrameUpdates": true,
        "Conditions": [
          {
            "Name": "CurrentFarmerFrame",
            "Value": 58
          }
        ]
      },
      {
        "Frame": 113,
        "EndWhenFarmerFrameUpdates": true,
        "Conditions": [
          {
            "Name": "CurrentFarmerFrame",
            "Value": 59
          }
        ]
      },
      {
        "Frame": 119,
        "EndWhenFarmerFrameUpdates": true,
        "Conditions": [
          {
            "Name": "CurrentFarmerFrame",
            "Value": 60
          }
        ]
      },
      {
        "Frame": 120,
        "EndWhenFarmerFrameUpdates": true,
        "Conditions": [
          {
            "Name": "CurrentFarmerFrame",
            "Value": 61
          }
        ]
      },
      // End of Harvesting frames

      // Start of Heavy Tool (including Fishing -> Casting) frames
      {
        "Frame": 96, // Also Fishing -> Reeling frame
        "EndWhenFarmerFrameUpdates": true,
        "Conditions": [
          {
            "Name": "CurrentFarmerFrame",
            "Value": 48
          }
        ]
      },
      {
        "Frame": 97,
        "EndWhenFarmerFrameUpdates": true,
        "Conditions": [
          {
            "Name": "CurrentFarmerFrame",
            "Value": 49
          }
        ]
      },
      {
        "Frame": 98,
        "EndWhenFarmerFrameUpdates": true,
        "Conditions": [
          {
            "Name": "CurrentFarmerFrame",
            "Value": 50
          }
        ]
      },
      {
        "Frame": 99,
        "EndWhenFarmerFrameUpdates": true,
        "Conditions": [
          {
            "Name": "CurrentFarmerFrame",
            "Value": 51
          }
        ]
      },
      {
        "Frame": 100, // Also Fishing -> Reeling frame
        "EndWhenFarmerFrameUpdates": true,
        "Conditions": [
          {
            "Name": "CurrentFarmerFrame",
            "Value": 52
          }
        ]
      },
      {
        "Frame": 173, // Also Fishing -> Idle frame
        "EndWhenFarmerFrameUpdates": true,
        "Conditions": [
          {
            "Name": "CurrentFarmerFrame",
            "Value": 89
          }
        ]
      },
      {
        "Frame": 144, // Also Fishing -> Caught frame
        "EndWhenFarmerFrameUpdates": true,
        "Conditions": [
          {
            "Name": "CurrentFarmerFrame",
            "Value": 72
          }
        ]
      },
      {
        "Frame": 145,
        "EndWhenFarmerFrameUpdates": true,
        "Conditions": [
          {
            "Name": "CurrentFarmerFrame",
            "Value": 73
          }
        ]
      },
      // End of Heavy Tool frames

      // Start of Scythe / Melee Weapons frames
      {
        "Frame": 66,
        "EndWhenFarmerFrameUpdates": true,
        "Conditions": [
          {
            "Name": "CurrentFarmerFrame",
            "Value": 30
          }
        ]
      },
      {
        "Frame": 67, // Dagger frame
        "EndWhenFarmerFrameUpdates": true,
        "Conditions": [
          {
            "Name": "CurrentFarmerFrame",
            "Value": 31
          }
        ]
      },
      {
        "Frame": 68,
        "EndWhenFarmerFrameUpdates": true,
        "Conditions": [
          {
            "Name": "CurrentFarmerFrame",
            "Value": 32
          }
        ]
      },
      {
        "Frame": 63, // Dagger frame
        "EndWhenFarmerFrameUpdates": true,
        "Conditions": [
          {
            "Name": "CurrentFarmerFrame",
            "Value": 33
          }
        ]
      },
      {
        "Frame": 64, // Sword -> Block frame
        "EndWhenFarmerFrameUpdates": true,
        "Conditions": [
          {
            "Name": "CurrentFarmerFrame",
            "Value": 34
          }
        ]
      },
      {
        "Frame": 71,
        "EndWhenFarmerFrameUpdates": true,
        "Conditions": [
          {
            "Name": "CurrentFarmerFrame",
            "Value": 35
          }
        ]
      },
      // End of Scythe / Melee Weapons frames

      // Start of Watering Can frames
      {
        "Frame": 93,
        "EndWhenFarmerFrameUpdates": true,
        "Conditions": [
          {
            "Name": "CurrentFarmerFrame",
            "Value": 45
          }
        ]
      },
      // End of Watering Can frames

      // Start of Slingshot frames
      {
        "Frame": 92,
        "SubFrames": [
          {
            "Frame": 88,
            "Handling": "SlingshotBackArm"
          },
          {
            "Frame": 89,
            "Handling": "SlingshotFrontArm"
          }
        ],
        "EndWhenFarmerFrameUpdates": true,
        "Conditions": [
          {
            "Name": "CurrentFarmerFrame",
            "Value": 43
          }
        ]
      },
      // End of Slingshot frames


      // Start of Shearing frames
      {
        "Frame": 158,
        "EndWhenFarmerFrameUpdates": true,
        "Conditions": [
          {
            "Name": "CurrentFarmerFrame",
            "Value": 80
          }
        ]
      },
      {
        "Frame": 159,
        "EndWhenFarmerFrameUpdates": true,
        "Conditions": [
          {
            "Name": "CurrentFarmerFrame",
            "Value": 81
          }
        ]
      },
      // End of Shearing frames

      // Start of Kissing frames
      {
        "Frame": 197,
        "EndWhenFarmerFrameUpdates": true,
        "Conditions": [
          {
            "Name": "CurrentFarmerFrame",
            "Value": 101
          }
        ]
      },
      // End of Kissing frames

      // Start of Walking frames
      {
        "Frame": 12,
        "EndWhenFarmerFrameUpdates": true,
        "Conditions": [
          {
            "Name": "CurrentFarmerFrame",
            "Value": 6
          },
          {
            "Name": "IsCarrying",
            "Value": false
          }
        ]
      },
      {
        "Frame": 13,
        "EndWhenFarmerFrameUpdates": true,
        "Conditions": [
          {
            "Name": "CurrentFarmerFrame",
            "Value": 7
          },
          {
            "Name": "IsCarrying",
            "Value": false
          }
        ]
      },
      {
        "Frame": 14,
        "EndWhenFarmerFrameUpdates": true,
        "Conditions": [
          {
            "Name": "CurrentFarmerFrame",
            "Value": 8
          },
          {
            "Name": "IsCarrying",
            "Value": false
          }
        ]
      },
      // End of Walking frames

      // Start of Running frames
      {
        "Frame": 17,
        "EndWhenFarmerFrameUpdates": true,
        "Conditions": [
          {
            "Name": "CurrentFarmerFrame",
            "Value": 11
          },
          {
            "Name": "IsCarrying",
            "Value": false
          }
        ]
      },
      {
        "Frame": 29,
        "EndWhenFarmerFrameUpdates": true,
        "Conditions": [
          {
            "Name": "CurrentFarmerFrame",
            "Value": 17
          },
          {
            "Name": "IsCarrying",
            "Value": false
          }
        ]
      },
      {
        "Frame": 38,
        "EndWhenFarmerFrameUpdates": true,
        "Conditions": [
          {
            "Name": "CurrentFarmerFrame",
            "Value": 20
          },
          {
            "Name": "IsCarrying",
            "Value": false
          }
        ]
      },
      {
        "Frame": 39,
        "EndWhenFarmerFrameUpdates": true,
        "Conditions": [
          {
            "Name": "CurrentFarmerFrame",
            "Value": 21
          },
          {
            "Name": "IsCarrying",
            "Value": false
          }
        ]
      },
      // End of Running frames

      // Start of Carrying and Walking frames
      {
        "Frame": 18,
        "EndWhenFarmerFrameUpdates": true,
        "Conditions": [
          {
            "Name": "CurrentFarmerFrame",
            "Value": 6
          },
          {
            "Name": "IsCarrying",
            "Value": true
          }
        ]
      },
      {
        "Frame": 19,
        "EndWhenFarmerFrameUpdates": true,
        "Conditions": [
          {
            "Name": "CurrentFarmerFrame",
            "Value": 7
          },
          {
            "Name": "IsCarrying",
            "Value": true
          }
        ]
      },
      {
        "Frame": 20,
        "EndWhenFarmerFrameUpdates": true,
        "Conditions": [
          {
            "Name": "CurrentFarmerFrame",
            "Value": 8
          },
          {
            "Name": "IsCarrying",
            "Value": true
          }
        ]
      },
      // End of Carrying and Walking frames

      // Start of Carrying and Running frames
      {
        "Frame": 44,
        "EndWhenFarmerFrameUpdates": true,
        "Conditions": [
          {
            "Name": "CurrentFarmerFrame",
            "Value": 11
          },
          {
            "Name": "IsCarrying",
            "Value": true
          }
        ]
      },
      {
        "Frame": 45,
        "EndWhenFarmerFrameUpdates": true,
        "Conditions": [
          {
            "Name": "CurrentFarmerFrame",
            "Value": 17
          },
          {
            "Name": "IsCarrying",
            "Value": true
          }
        ]
      },
      {
        "Frame": 44,
        "EndWhenFarmerFrameUpdates": true,
        "Conditions": [
          {
            "Name": "CurrentFarmerFrame",
            "Value": 20
          },
          {
            "Name": "IsCarrying",
            "Value": true
          }
        ]
      },
      {
        "Frame": 45,
        "EndWhenFarmerFrameUpdates": true,
        "Conditions": [
          {
            "Name": "CurrentFarmerFrame",
            "Value": 21
          },
          {
            "Name": "IsCarrying",
            "Value": true
          }
        ]
      }
      // End of Carrying and Running frames
    ]
  },
  "LeftSleeves": {
    "Flipped": true,
    "DisableNativeOffset": true,
    "ColorMasks": [
      [ 36, 36, 36 ],
      [ 119, 119, 119 ],
      [ 158, 158, 158 ]
    ],
    "UseShirtColors": true,
    "DisableSkinGrayscale": true,
    "SkinToneMasks": {
      "LightTone": [ 255, 255, 255 ],
      "MediumTone": [ 249, 224, 223 ],
      "DarkTone": [ 107, 0, 58 ]
    },
    "StartingPosition": {
      "X": 0,
      "Y": 0
    },
    "BodyPosition": {
      "X": 0,
      "Y": 0
    },
    "SleevesSize": {
      "Width": 16,
      "Length": 32
    },
    "UniformAnimation": [
      // Start of self-descriptive frames
      {
        "Frame": 208,
        "EndWhenFarmerFrameUpdates": true,
        "Conditions": [
          {
            "Name": "RidingHorse",
            "Value": true
          }
        ]
      },
      {
        "Frame": 231,
        "EndWhenFarmerFrameUpdates": true,
        "Conditions": [
          {
            "Name": "IsSitting",
            "Value": true
          }
        ]
      },
      // End of self-descriptive frames

      // Start of jar opening frames
      {
        "Frame": 219,
        "EndWhenFarmerFrameUpdates": true,
        "Conditions": [
          {
            "Name": "CurrentFarmerFrame",
            "Value": 111
          }
        ]
      },
      {
        "Frame": 220,
        "EndWhenFarmerFrameUpdates": true,
        "Conditions": [
          {
            "Name": "CurrentFarmerFrame",
            "Value": 112
          }
        ]
      },
      // End of jar opening frames

      // Start of cheer / wave frames
      {
        "Frame": 193,
        "EndWhenFarmerFrameUpdates": true,
        "Conditions": [
          {
            "Name": "CurrentFarmerFrame",
            "Value": 97
          }
        ]
      },
      // End of cheer / wave frames

      // Start of Harvesting / Milking frames
      {
        "Frame": 112,
        "EndWhenFarmerFrameUpdates": true,
        "Conditions": [
          {
            "Name": "CurrentFarmerFrame",
            "Value": 58
          }
        ]
      },
      {
        "Frame": 113,
        "EndWhenFarmerFrameUpdates": true,
        "Conditions": [
          {
            "Name": "CurrentFarmerFrame",
            "Value": 59
          }
        ]
      },
      {
        "Frame": 119,
        "EndWhenFarmerFrameUpdates": true,
        "Conditions": [
          {
            "Name": "CurrentFarmerFrame",
            "Value": 60
          }
        ]
      },
      {
        "Frame": 120,
        "EndWhenFarmerFrameUpdates": true,
        "Conditions": [
          {
            "Name": "CurrentFarmerFrame",
            "Value": 61
          }
        ]
      },
      // End of Harvesting frames

      // Start of Heavy Tool (including Fishing -> Casting) frames
      {
        "Frame": 96, // Also Fishing -> Reeling frame
        "EndWhenFarmerFrameUpdates": true,
        "Conditions": [
          {
            "Name": "CurrentFarmerFrame",
            "Value": 48
          }
        ]
      },
      {
        "Frame": 97,
        "EndWhenFarmerFrameUpdates": true,
        "Conditions": [
          {
            "Name": "CurrentFarmerFrame",
            "Value": 49
          }
        ]
      },
      {
        "Frame": 98,
        "EndWhenFarmerFrameUpdates": true,
        "Conditions": [
          {
            "Name": "CurrentFarmerFrame",
            "Value": 50
          }
        ]
      },
      {
        "Frame": 99,
        "EndWhenFarmerFrameUpdates": true,
        "Conditions": [
          {
            "Name": "CurrentFarmerFrame",
            "Value": 51
          }
        ]
      },
      {
        "Frame": 100, // Also Fishing -> Reeling frame
        "EndWhenFarmerFrameUpdates": true,
        "Conditions": [
          {
            "Name": "CurrentFarmerFrame",
            "Value": 52
          }
        ]
      },
      {
        "Frame": 173, // Also Fishing -> Idle frame
        "EndWhenFarmerFrameUpdates": true,
        "Conditions": [
          {
            "Name": "CurrentFarmerFrame",
            "Value": 89
          }
        ]
      },
      {
        "Frame": 144, // Also Fishing -> Caught frame
        "EndWhenFarmerFrameUpdates": true,
        "Conditions": [
          {
            "Name": "CurrentFarmerFrame",
            "Value": 72
          }
        ]
      },
      {
        "Frame": 145,
        "EndWhenFarmerFrameUpdates": true,
        "Conditions": [
          {
            "Name": "CurrentFarmerFrame",
            "Value": 73
          }
        ]
      },
      // End of Heavy Tool frames

      // Start of Scythe / Melee Weapons frames
      {
        "Frame": 66,
        "EndWhenFarmerFrameUpdates": true,
        "Conditions": [
          {
            "Name": "CurrentFarmerFrame",
            "Value": 30
          }
        ]
      },
      {
        "Frame": 67, // Dagger frame
        "EndWhenFarmerFrameUpdates": true,
        "Conditions": [
          {
            "Name": "CurrentFarmerFrame",
            "Value": 31
          }
        ]
      },
      {
        "Frame": 68,
        "EndWhenFarmerFrameUpdates": true,
        "Conditions": [
          {
            "Name": "CurrentFarmerFrame",
            "Value": 32
          }
        ]
      },
      {
        "Frame": 63, // Dagger frame
        "EndWhenFarmerFrameUpdates": true,
        "Conditions": [
          {
            "Name": "CurrentFarmerFrame",
            "Value": 33
          }
        ]
      },
      {
        "Frame": 64, // Sword -> Block frame
        "EndWhenFarmerFrameUpdates": true,
        "Conditions": [
          {
            "Name": "CurrentFarmerFrame",
            "Value": 34
          }
        ]
      },
      {
        "Frame": 71,
        "EndWhenFarmerFrameUpdates": true,
        "Conditions": [
          {
            "Name": "CurrentFarmerFrame",
            "Value": 35
          }
        ]
      },
      // End of Scythe / Melee Weapons frames

      // Start of Watering Can frames
      {
        "Frame": 93,
        "EndWhenFarmerFrameUpdates": true,
        "Conditions": [
          {
            "Name": "CurrentFarmerFrame",
            "Value": 45
          }
        ]
      },
      // End of Watering Can frames

      // Start of Slingshot frames
      {
        "Frame": 92,
        "SubFrames": [
          {
            "Frame": 88,
            "Handling": "SlingshotBackArm"
          },
          {
            "Frame": 89,
            "Handling": "SlingshotFrontArm"
          }
        ],
        "EndWhenFarmerFrameUpdates": true,
        "Conditions": [
          {
            "Name": "CurrentFarmerFrame",
            "Value": 43
          }
        ]
      },
      // End of Slingshot frames


      // Start of Shearing frames
      {
        "Frame": 158,
        "EndWhenFarmerFrameUpdates": true,
        "Conditions": [
          {
            "Name": "CurrentFarmerFrame",
            "Value": 80
          }
        ]
      },
      {
        "Frame": 159,
        "EndWhenFarmerFrameUpdates": true,
        "Conditions": [
          {
            "Name": "CurrentFarmerFrame",
            "Value": 81
          }
        ]
      },
      // End of Shearing frames

      // Start of Kissing frames
      {
        "Frame": 197,
        "EndWhenFarmerFrameUpdates": true,
        "Conditions": [
          {
            "Name": "CurrentFarmerFrame",
            "Value": 101
          }
        ]
      },
      // End of Kissing frames

      // Start of Walking frames
      {
        "Frame": 12,
        "EndWhenFarmerFrameUpdates": true,
        "Conditions": [
          {
            "Name": "CurrentFarmerFrame",
            "Value": 6
          },
          {
            "Name": "IsCarrying",
            "Value": false
          }
        ]
      },
      {
        "Frame": 13,
        "EndWhenFarmerFrameUpdates": true,
        "Conditions": [
          {
            "Name": "CurrentFarmerFrame",
            "Value": 7
          },
          {
            "Name": "IsCarrying",
            "Value": false
          }
        ]
      },
      {
        "Frame": 14,
        "EndWhenFarmerFrameUpdates": true,
        "Conditions": [
          {
            "Name": "CurrentFarmerFrame",
            "Value": 8
          },
          {
            "Name": "IsCarrying",
            "Value": false
          }
        ]
      },
      // End of Walking frames

      // Start of Running frames
      {
        "Frame": 17,
        "EndWhenFarmerFrameUpdates": true,
        "Conditions": [
          {
            "Name": "CurrentFarmerFrame",
            "Value": 11
          },
          {
            "Name": "IsCarrying",
            "Value": false
          }
        ]
      },
      {
        "Frame": 29,
        "EndWhenFarmerFrameUpdates": true,
        "Conditions": [
          {
            "Name": "CurrentFarmerFrame",
            "Value": 17
          },
          {
            "Name": "IsCarrying",
            "Value": false
          }
        ]
      },
      {
        "Frame": 38,
        "EndWhenFarmerFrameUpdates": true,
        "Conditions": [
          {
            "Name": "CurrentFarmerFrame",
            "Value": 20
          },
          {
            "Name": "IsCarrying",
            "Value": false
          }
        ]
      },
      {
        "Frame": 39,
        "EndWhenFarmerFrameUpdates": true,
        "Conditions": [
          {
            "Name": "CurrentFarmerFrame",
            "Value": 21
          },
          {
            "Name": "IsCarrying",
            "Value": false
          }
        ]
      },
      // End of Running frames

      // Start of Carrying and Walking frames
      {
        "Frame": 18,
        "EndWhenFarmerFrameUpdates": true,
        "Conditions": [
          {
            "Name": "CurrentFarmerFrame",
            "Value": 6
          },
          {
            "Name": "IsCarrying",
            "Value": true
          }
        ]
      },
      {
        "Frame": 19,
        "EndWhenFarmerFrameUpdates": true,
        "Conditions": [
          {
            "Name": "CurrentFarmerFrame",
            "Value": 7
          },
          {
            "Name": "IsCarrying",
            "Value": true
          }
        ]
      },
      {
        "Frame": 20,
        "EndWhenFarmerFrameUpdates": true,
        "Conditions": [
          {
            "Name": "CurrentFarmerFrame",
            "Value": 8
          },
          {
            "Name": "IsCarrying",
            "Value": true
          }
        ]
      },
      // End of Carrying and Walking frames

      // Start of Carrying and Running frames
      {
        "Frame": 44,
        "EndWhenFarmerFrameUpdates": true,
        "Conditions": [
          {
            "Name": "CurrentFarmerFrame",
            "Value": 11
          },
          {
            "Name": "IsCarrying",
            "Value": true
          }
        ]
      },
      {
        "Frame": 45,
        "EndWhenFarmerFrameUpdates": true,
        "Conditions": [
          {
            "Name": "CurrentFarmerFrame",
            "Value": 17
          },
          {
            "Name": "IsCarrying",
            "Value": true
          }
        ]
      },
      {
        "Frame": 44,
        "EndWhenFarmerFrameUpdates": true,
        "Conditions": [
          {
            "Name": "CurrentFarmerFrame",
            "Value": 20
          },
          {
            "Name": "IsCarrying",
            "Value": true
          }
        ]
      },
      {
        "Frame": 45,
        "EndWhenFarmerFrameUpdates": true,
        "Conditions": [
          {
            "Name": "CurrentFarmerFrame",
            "Value": 21
          },
          {
            "Name": "IsCarrying",
            "Value": true
          }
        ]
      }
      // End of Carrying and Running frames
    ]
  }
}