{
    "Name": "Turnip Head's Top",
    "FrontShirt": {
  "SleeveColors": [
      [ 49,40,40 ],
      [ 56,47,47 ],
      [ 67,57,57 ]
    ],
               "DisableGrayscale": true,
        "StartingPosition": {
            "X": 0,
            "Y": 0
        },
        "BodyPosition": {
            "X": 0,
            "Y": 0
        },
        "ShirtSize": {
            "Width": 8,
            "Length": 7
        }
    },
    "RightShirt": {
  "SleeveColors": [
      [ 49,40,40 ],
      [ 56,47,47 ],
      [ 67,57,57 ]
    ],
               "DisableGrayscale": true,
        "StartingPosition": {
            "X": 0,
            "Y": 7
        },
        "BodyPosition": {
            "X": 0,
            "Y": 0
        },
        "ShirtSize": {
            "Width": 8,
            "Length": 7
        }
    },
    "LeftShirt": {
  "SleeveColors": [
      [ 49,40,40 ],
      [ 56,47,47 ],
      [ 67,57,57 ]
    ],
               "DisableGrayscale": true,
        "StartingPosition": {
            "X": 0,
            "Y": 14
        },
        "BodyPosition": {
            "X": 0,
            "Y": 0
        },
        "ShirtSize": {
            "Width": 8,
            "Length": 7
        }
    },
    "BackShirt": {
  "SleeveColors": [
      [ 49,40,40 ],
      [ 56,47,47 ],
      [ 67,57,57 ]
    ],
              "DisableGrayscale": true,
        "StartingPosition": {
            "X": 0,
            "Y": 21
        },
        "BodyPosition": {
            "X": 0,
            "Y": -1
        },
        "ShirtSize": {
            "Width": 8,
            "Length": 7
        }
    }
}