{
  "Name": "Green Trousers",
  "FrontPants": {
  "HideLegs": true,
    "SkinToneMasks": {
    "LightTone": [ 144, 144, 144 ],
    "MediumTone": [ 121, 121, 121 ],
    "DarkTone": [ 73, 73, 73 ]
    },
    "DisableGrayscale": true,
    "StartingPosition": {
      "X": 0,
      "Y": 0
    },
    "BodyPosition": {
      "X": 0,
      "Y": -19
    },
    "PantsSize": {
      "Width": 16,
      "Length": 16
    },
    "IdleAnimation": [
      {
        "Frame": 0,
        "Duration": 100
      }
    ],
    "MovementAnimation": [
      {
        "Frame": 0,
        "EndWhenFarmerFrameUpdates": true,
        "Conditions": [
          {
            "Name": "IsWalking",
            "Value": true
          }
        ]
      },
      {
        "Frame": 1,
        "EndWhenFarmerFrameUpdates": true,
        "Conditions": [
          {
            "Name": "IsWalking",
            "Value": true
          }
        ]
      },
      {
        "Frame": 2,
        "EndWhenFarmerFrameUpdates": true,
        "Conditions": [
          {
            "Name": "IsWalking",
            "Value": true
          }
        ]
      },
      {
        "Frame": 3,
        "EndWhenFarmerFrameUpdates": true,
        "Conditions": [
          {
            "Name": "IsWalking",
            "Value": true
          }
        ]
      },
      {
        "Frame": 4,
        "EndWhenFarmerFrameUpdates": true,
        "Conditions": [
          {
            "Name": "IsWalking",
            "Value": true
          }
        ]
      },
      {
        "Frame": 0,
        "EndWhenFarmerFrameUpdates": true,
        "Conditions": [
          {
            "Name": "IsRunning",
            "Value": true
          }
        ]
      },
      {
        "Frame": 1,
        "EndWhenFarmerFrameUpdates": true,
        "Conditions": [
          {
            "Name": "IsRunning",
            "Value": true
          }
        ]
      },
      {
        "Frame": 2,
        "EndWhenFarmerFrameUpdates": true,
        "Conditions": [
          {
            "Name": "IsRunning",
            "Value": true
          }
        ]
      },
      {
        "Frame": 3,
        "EndWhenFarmerFrameUpdates": true,
        "Conditions": [
          {
            "Name": "IsRunning",
            "Value": true
          }
        ]
      },
      {
        "Frame": 4,
        "EndWhenFarmerFrameUpdates": true,
        "Conditions": [
          {
            "Name": "IsRunning",
            "Value": true
          }
        ]
      },
    ]
  },
  "BackPants": {
  "HideLegs": true,
    "DisableGrayscale": true,
    "StartingPosition": {
      "X": 0,
      "Y": 32
    },
    "BodyPosition": {
      "X": 0,
      "Y": -19
    },
    "PantsSize": {
      "Width": 16,
      "Length": 16
    },
    "IdleAnimation": [
      {
        "Frame": 0,
        "Duration": 100
      }
    ],
       "MovementAnimation": [
      {
        "Frame": 0,
        "EndWhenFarmerFrameUpdates": true,
        "Conditions": [
          {
            "Name": "IsWalking",
            "Value": true
          }
        ]
      },
      {
        "Frame": 1,
        "EndWhenFarmerFrameUpdates": true,
        "Conditions": [
          {
            "Name": "IsWalking",
            "Value": true
          }
        ]
      },
      {
        "Frame": 2,
        "EndWhenFarmerFrameUpdates": true,
        "Conditions": [
          {
            "Name": "IsWalking",
            "Value": true
          }
        ]
      },
      {
        "Frame": 3,
        "EndWhenFarmerFrameUpdates": true,
        "Conditions": [
          {
            "Name": "IsWalking",
            "Value": true
          }
        ]
      },
      {
        "Frame": 4,
        "EndWhenFarmerFrameUpdates": true,
        "Conditions": [
          {
            "Name": "IsWalking",
            "Value": true
          }
        ]
      },
      {
        "Frame": 0,
        "EndWhenFarmerFrameUpdates": true,
        "Conditions": [
          {
            "Name": "IsRunning",
            "Value": true
          }
        ]
      },
      {
        "Frame": 1,
        "EndWhenFarmerFrameUpdates": true,
        "Conditions": [
          {
            "Name": "IsRunning",
            "Value": true
          }
        ]
      },
      {
        "Frame": 2,
        "EndWhenFarmerFrameUpdates": true,
        "Conditions": [
          {
            "Name": "IsRunning",
            "Value": true
          }
        ]
      },
      {
        "Frame": 3,
        "EndWhenFarmerFrameUpdates": true,
        "Conditions": [
          {
            "Name": "IsRunning",
            "Value": true
          }
        ]
      },
      {
        "Frame": 4,
        "EndWhenFarmerFrameUpdates": true,
        "Conditions": [
          {
            "Name": "IsRunning",
            "Value": true
          }
        ]
      },
    ]
  },
  "RightPants": {
  "HideLegs": true,
    "SkinToneMasks": {
    "LightTone": [ 144, 144, 144 ],
    "MediumTone": [ 121, 121, 121 ],
    "DarkTone": [ 73, 73, 73 ]
    },
    "DisableGrayscale": true,
    "StartingPosition": {
      "X": 0,
      "Y": 16
    },
    "BodyPosition": {
      "X": 0,
      "Y": -17
    },
    "PantsSize": {
      "Width": 16,
      "Length": 16
    },
 "IdleAnimation": [
 {
                "Frame": 0,
                "EndWhenFarmerFrameUpdates": true,
            },

 {
                "Frame": 6,
                "EndWhenFarmerFrameUpdates": true,
                "Conditions": [
                    {
                        "Name": "IsSitting",
                        "Value": true
                    }
                ]
            },
 {
                "Frame": 6,
                "EndWhenFarmerFrameUpdates": true,
                "Conditions": [
                    {
                        "Name": "RidingHorse",
                        "Value": true
                    }
                ]
            },

    ],

       "MovementAnimation": [
      {
        "Frame": 0,
        "EndWhenFarmerFrameUpdates": true,
        "Conditions": [
          {
            "Name": "IsWalking",
            "Value": true
          }
        ]
      },
      {
        "Frame": 1,
        "EndWhenFarmerFrameUpdates": true,
        "Conditions": [
          {
            "Name": "IsWalking",
            "Value": true
          }
        ]
      },
      {
        "Frame": 2,
        "EndWhenFarmerFrameUpdates": true,
        "Conditions": [
          {
            "Name": "IsWalking",
            "Value": true
          }
        ]
      },
      {
        "Frame": 3,
        "EndWhenFarmerFrameUpdates": true,
        "Conditions": [
          {
            "Name": "IsWalking",
            "Value": true
          }
        ]
      },
      {
        "Frame": 4,
        "EndWhenFarmerFrameUpdates": true,
        "Conditions": [
          {
            "Name": "IsWalking",
            "Value": true
          }
        ]
      },
      {
        "Frame": 6,
        "EndWhenFarmerFrameUpdates": true,
        "Conditions": [
          {
            "Name": "RidingHorse",
            "Value": true
          }
        ]
      },
      {
        "Frame": 0,
        "EndWhenFarmerFrameUpdates": true,
        "Conditions": [
          {
            "Name": "IsRunning",
            "Value": true
          }
        ]
      },
      {
        "Frame": 1,
        "EndWhenFarmerFrameUpdates": true,
        "Conditions": [
          {
            "Name": "IsRunning",
            "Value": true
          }
        ]
      },
      {
        "Frame": 2,
        "EndWhenFarmerFrameUpdates": true,
        "Conditions": [
          {
            "Name": "IsRunning",
            "Value": true
          }
        ]
      },
      {
        "Frame": 3,
        "EndWhenFarmerFrameUpdates": true,
        "Conditions": [
          {
            "Name": "IsRunning",
            "Value": true
          }
        ]
      },
      {
        "Frame": 4,
        "EndWhenFarmerFrameUpdates": true,
        "Conditions": [
          {
            "Name": "IsRunning",
            "Value": true
          }
        ]
      },
    ]
  },
  "LeftPants": {
    "Flipped": true,
    "SkinToneMasks": {
    "LightTone": [ 144, 144, 144 ],
    "MediumTone": [ 121, 121, 121 ],
    "DarkTone": [ 73, 73, 73 ]
    },
  "HideLegs": true,
	"DisableGrayscale": true,
    "StartingPosition": {
      "X": 0,
      "Y": 16
    },
    "BodyPosition": {
      "X": 0,
      "Y": -18
    },
    "PantsSize": {
      "Width": 16,
      "Length": 16
    },
 "IdleAnimation": [
 {
                "Frame": 0,
                "EndWhenFarmerFrameUpdates": true,
            },

 {
                "Frame": 6,
                "EndWhenFarmerFrameUpdates": true,
                "Conditions": [
                    {
                        "Name": "IsSitting",
                        "Value": true
                    }
                ]
            },
 {
                "Frame": 6,
                "EndWhenFarmerFrameUpdates": true,
                "Conditions": [
                    {
                        "Name": "RidingHorse",
                        "Value": true
                    }
                ]
            },

    ],

      "MovementAnimation": [
      {
        "Frame": 0,
        "EndWhenFarmerFrameUpdates": true,
        "Conditions": [
          {
            "Name": "IsWalking",
            "Value": true
          }
        ]
      },
      {
        "Frame": 1,
        "EndWhenFarmerFrameUpdates": true,
        "Conditions": [
          {
            "Name": "IsWalking",
            "Value": true
          }
        ]
      },
      {
        "Frame": 2,
        "EndWhenFarmerFrameUpdates": true,
        "Conditions": [
          {
            "Name": "IsWalking",
            "Value": true
          }
        ]
      },
      {
        "Frame": 3,
        "EndWhenFarmerFrameUpdates": true,
        "Conditions": [
          {
            "Name": "IsWalking",
            "Value": true
          }
        ]
      },
      {
        "Frame": 4,
        "EndWhenFarmerFrameUpdates": true,
        "Conditions": [
          {
            "Name": "IsWalking",
            "Value": true
          }
        ]
      },
      {
        "Frame": 6,
        "EndWhenFarmerFrameUpdates": true,
        "Conditions": [
          {
            "Name": "RidingHorse",
            "Value": true
          },
          {
            "Name": "IsWalking",
            "Value": false
          }
        ]
      },
      {
        "Frame": 0,
        "EndWhenFarmerFrameUpdates": true,
        "Conditions": [
          {
            "Name": "IsRunning",
            "Value": true
          }
        ]
      },
      {
        "Frame": 1,
        "EndWhenFarmerFrameUpdates": true,
        "Conditions": [
          {
            "Name": "IsRunning",
            "Value": true
          }
        ]
      },
      {
        "Frame": 2,
        "EndWhenFarmerFrameUpdates": true,
        "Conditions": [
          {
            "Name": "IsRunning",
            "Value": true
          }
        ]
      },
      {
        "Frame": 3,
        "EndWhenFarmerFrameUpdates": true,
        "Conditions": [
          {
            "Name": "IsRunning",
            "Value": true
          }
        ]
      },
      {
        "Frame": 4,
        "EndWhenFarmerFrameUpdates": true,
        "Conditions": [
          {
            "Name": "IsRunning",
            "Value": true
          }
        ]
      },
          ]
  }
}