﻿[
  {
    "Name": "Default (Short)",
    "Author": "PeacefulEnd",
    "Version": 3,
    "BodyId": "PeacefulEnd.FashionSense.LocalPack/Player/Default (Short)",
    "SleevesId": "PeacefulEnd.FashionSense.LocalPack/Sleeves/Default (Short)",
    "ShoesId": "PeacefulEnd.FashionSense.LocalPack/Shoes/Default (Short)",
    "AppearanceToMaskColors": {
      "Pants": [
        {
          "B": 35,
          "G": 17,
          "R": 30,
          "A": 255
        }
      ],
      "Hair": [
        {
          "B": 35,
          "G": 17,
          "R": 30,
          "A": 255
        }
      ],
      "Accessory": [
        {
          "B": 151,
          "G": 205,
          "R": 153,
          "A": 255
        }
      ],
      "Hat": [
        {
          "B": 151,
          "G": 205,
          "R": 153,
          "A": 255
        }
      ],
      "Shirt": [
        {
          "B": 35,
          "G": 17,
          "R": 30,
          "A": 255
        }
      ],
      "Sleeves": [
        {
          "B": 35,
          "G": 17,
          "R": 30,
          "A": 255
        }
      ],
      "Shoes": [
        {
          "B": 151,
          "G": 205,
          "R": 153,
          "A": 255
        }
      ],
      "Player": [
        {
          "B": 142,
          "G": 172,
          "R": 255,
          "A": 255
        },
        {
          "B": 0,
          "G": 58,
          "R": 107,
          "A": 255
        },
        {
          "B": 0,
          "G": 0,
          "R": 0,
          "A": 255
        }
      ]
    }
  },
  {
    "Name": "Default (Tall)",
    "Author": "PeacefulEnd",
    "Version": 3,
    "BodyId": "PeacefulEnd.FashionSense.LocalPack/Player/Default (Tall)",
    "SleevesId": "PeacefulEnd.FashionSense.LocalPack/Sleeves/Default (Tall)",
    "ShoesId": "PeacefulEnd.FashionSense.LocalPack/Shoes/Default (Tall)",
    "AppearanceToMaskColors": {
      "Pants": [
        {
          "B": 35,
          "G": 17,
          "R": 30,
          "A": 255
        }
      ],
      "Hair": [
        {
          "B": 35,
          "G": 17,
          "R": 30,
          "A": 255
        }
      ],
      "Accessory": [
        {
          "B": 151,
          "G": 205,
          "R": 153,
          "A": 255
        }
      ],
      "Hat": [
        {
          "B": 151,
          "G": 205,
          "R": 153,
          "A": 255
        }
      ],
      "Shirt": [
        {
          "B": 35,
          "G": 17,
          "R": 30,
          "A": 255
        }
      ],
      "Sleeves": [
        {
          "B": 35,
          "G": 17,
          "R": 30,
          "A": 255
        }
      ],
      "Shoes": [
        {
          "B": 151,
          "G": 205,
          "R": 153,
          "A": 255
        }
      ],
      "Player": [
        {
          "B": 142,
          "G": 172,
          "R": 255,
          "A": 255
        },
        {
          "B": 0,
          "G": 58,
          "R": 107,
          "A": 255
        },
        {
          "B": 0,
          "G": 0,
          "R": 0,
          "A": 255
        }
      ]
    }
  }
]