{
  "Name": "Cappuccino Vest",
  "FrontShirt": {

    "DisableGrayscale": true,

    "SleeveColors": [
      [ 194, 203, 202 ],
      [ 222, 231, 230 ],
      [ 233, 243, 242 ]
    ],
    "StartingPosition": {
      "X": 0,
      "Y": 0
    },
    "BodyPosition": {
      "X": 0,
      "Y": 0
    },
    "ShirtSize": {
      "Width": 8,
      "Length": 8
    }
  },
  "RightShirt": {
    "DisableGrayscale": true,
    "SleeveColors": [
      [ 194, 203, 202 ],
      [ 222, 231, 230 ],
      [ 233, 243, 242 ]
    ],
    "StartingPosition": {
      "X": 0,
      "Y": 8
    },
    "BodyPosition": {
      "X": 0,
      "Y": 0
    },
    "ShirtSize": {
      "Width": 8,
      "Length": 8
    }
  },
  "LeftShirt": {
    "DisableGrayscale": true,
    "SleeveColors": [
      [ 194, 203, 202 ],
      [ 222, 231, 230 ],
      [ 233, 243, 242 ]
    ],
    "StartingPosition": {
      "X": 0,
      "Y": 16
    },
    "BodyPosition": {
      "X": 0,
      "Y": 0
    },
    "ShirtSize": {
      "Width": 8,
      "Length": 8
    }
  },
  "BackShirt": {
    "DisableGrayscale": true,
    "SleeveColors": [
      [ 194, 203, 202 ],
      [ 222, 231, 230 ],
      [ 233, 243, 242 ]
    ],
    "StartingPosition": {
      "X": 0,
      "Y": 24
    },
    "BodyPosition": {
      "X": 0,
      "Y": 0
    },
    "ShirtSize": {
      "Width": 8,
      "Length": 8
    }
  }
}