{
    "Name": "Brown Sweater Vest with Bow",
    "FrontShirt": {
  "SleeveColors": [
      [ 106,77,56 ],
      [ 170,135,110 ],
      [ 176,143,120 ]
    ],
               "DisableGrayscale": true,
        "StartingPosition": {
            "X": 0,
            "Y": 0
        },
        "BodyPosition": {
            "X": 0,
            "Y": 0
        },
        "ShirtSize": {
            "Width": 8,
            "Length": 8
        }

    },
    "RightShirt": {
  "SleeveColors": [
      [ 106,77,56 ],
      [ 170,135,110 ],
      [ 176,143,120 ]
    ],
               "DisableGrayscale": true,
        "StartingPosition": {
            "X": 0,
            "Y": 8
        },
        "BodyPosition": {
            "X": 0,
            "Y": 0
        },
        "ShirtSize": {
            "Width": 8,
            "Length": 8
        }
    },
    "LeftShirt": {
  "SleeveColors": [
      [ 106,77,56 ],
      [ 170,135,110 ],
      [ 176,143,120 ]
    ],
               "DisableGrayscale": true,
        "StartingPosition": {
            "X": 0,
            "Y": 16
        },

        "BodyPosition": {
            "X": 0,
            "Y": 0
        },
        "ShirtSize": {
            "Width": 8,
            "Length": 8
        }
    },
    "BackShirt": {
  "SleeveColors": [
      [ 106,77,56 ],
      [ 170,135,110 ],
      [ 176,143,120 ]
    ],
              "DisableGrayscale": true,
        "StartingPosition": {
            "X": 0,
            "Y": 24
        },
        "BodyPosition": {
            "X": 0,
            "Y": -1
        },
        "ShirtSize": {
            "Width": 8,
            "Length": 8
        }
    }
}