{
  "Name": "Top",
  "FrontShirt": {
    "SleeveColors": [
      [ 188, 188, 188 ],
      [ 216, 216, 216 ],
      [ 235, 235, 235 ],
    ],
    "ColorMasks": [
       [ 188, 188, 188 ],
      [ 216, 216, 216 ],
      [ 235, 235, 235 ],
    ],
    "StartingPosition": {
      "X": 0,
      "Y": 0
    },
    "BodyPosition": {
      "X": 0,
      "Y": 0
    },
    "ShirtSize": {
      "Width": 8,
      "Length": 8
    }
  },
  "RightShirt": {
    "SleeveColors": [
      [ 188, 188, 188 ],
      [ 216, 216, 216 ],
      [ 235, 235, 235 ],
    ],
    "ColorMasks": [
      [ 188, 188, 188 ],
      [ 216, 216, 216 ],
      [ 235, 235, 235 ],
    ],
    "StartingPosition": {
      "X": 0,
      "Y": 8
    },
    "BodyPosition": {
      "X": 0,
      "Y": 0
    },
    "ShirtSize": {
      "Width": 8,
      "Length": 8
    }
  },
  "LeftShirt": {
    "SleeveColors": [
      [ 188, 188, 188 ],
      [ 216, 216, 216 ],
      [ 235, 235, 235 ],
    ],
    "ColorMasks": [
      [ 188, 188, 188 ],
      [ 216, 216, 216 ],
      [ 235, 235, 235 ],
    ],
    "StartingPosition": {
      "X": 0,
      "Y": 16
    },
    "BodyPosition": {
      "X": 0,
      "Y": 0
    },
    "ShirtSize": {
      "Width": 8,
      "Length": 8
    }
  },
  "BackShirt": {
    "SleeveColors": [
      [ 188, 188, 188 ],
      [ 216, 216, 216 ],
      [ 235, 235, 235 ],
    ],
    "ColorMasks": [
       [ 188, 188, 188 ],
      [ 216, 216, 216 ],
      [ 235, 235, 235 ],
    ],
    "StartingPosition": {
      "X": 0,
      "Y": 24
    },
    "BodyPosition": {
      "X": 0,
      "Y": 0
    },
    "ShirtSize": {
      "Width": 8,
      "Length": 8
    }
  }
}