{
  "Name": "Vest",
  "FrontShirt": {
    "SleeveColors": [
      [ 187, 187, 187],
      [ 219, 219, 219 ],
      [ 250, 244, 242],
    ],
    "ColorMasks": [
      [ 227, 227, 227],
      [ 202, 202, 202 ],
      [ 170, 170, 170 ],
    ],
    "StartingPosition": {
      "X": 0,
      "Y": 0
    },
    "BodyPosition": {
      "X": 0,
      "Y": 0
    },
    "ShirtSize": {
      "Width": 8,
      "Length": 8
    }
  },
  "RightShirt": {
     "SleeveColors": [
      [ 187, 187, 187],
      [ 219, 219, 219 ],
      [ 250, 244, 242],
    ],
    "ColorMasks": [
      [ 227, 227, 227],
      [ 202, 202, 202 ],
      [ 170, 170, 170 ],
    ],
    "StartingPosition": {
      "X": 0,
      "Y": 8
    },
    "BodyPosition": {
      "X": 0,
      "Y": 0
    },
    "ShirtSize": {
      "Width": 8,
      "Length": 8
    }
  },
  "LeftShirt": {
     "SleeveColors": [
      [ 187, 187, 187],
      [ 219, 219, 219 ],
      [ 250, 244, 242],
    ],
    "ColorMasks": [
      [ 227, 227, 227],
      [ 202, 202, 202 ],
      [ 170, 170, 170 ],
    ],
    "StartingPosition": {
      "X": 0,
      "Y": 16
    },
    "BodyPosition": {
      "X": 0,
      "Y": 0
    },
    "ShirtSize": {
      "Width": 8,
      "Length": 8
    }
  },
  "BackShirt": {
     "SleeveColors": [
      [ 187, 187, 187],
      [ 219, 219, 219 ],
      [ 250, 244, 242],
    ],
    "ColorMasks": [
      [ 227, 227, 227],
      [ 202, 202, 202 ],
      [ 170, 170, 170 ],
    ],
    "StartingPosition": {
      "X": 0,
      "Y": 24
    },
    "BodyPosition": {
      "X": 0,
      "Y": 0
    },
    "ShirtSize": {
      "Width": 8,
      "Length": 8
    }
  }
}