{
  "Name": "Iced Capp Cardigan",
  "FrontShirt": {

    "DisableGrayscale": true,

    "SleeveColors": [
      [ 163, 124, 91 ],
      [ 181, 143, 107 ],
      [ 190, 152, 116 ]
    ],
    "StartingPosition": {
      "X": 0,
      "Y": 0
    },
    "BodyPosition": {
      "X": 0,
      "Y": 0
    },
    "ShirtSize": {
      "Width": 8,
      "Length": 8
    }
  },
  "RightShirt": {
    "DisableGrayscale": true,
    "SleeveColors": [
      [ 163, 124, 91 ],
      [ 181, 143, 107 ],
      [ 190, 152, 116 ]
    ],
    "StartingPosition": {
      "X": 0,
      "Y": 8
    },
    "BodyPosition": {
      "X": 0,
      "Y": 0
    },
    "ShirtSize": {
      "Width": 8,
      "Length": 8
    }
  },
  "LeftShirt": {
    "DisableGrayscale": true,
    "SleeveColors": [
      [ 163, 124, 91 ],
      [ 181, 143, 107 ],
      [ 190, 152, 116 ]
    ],
    "StartingPosition": {
      "X": 0,
      "Y": 16
    },
    "BodyPosition": {
      "X": 0,
      "Y": 0
    },
    "ShirtSize": {
      "Width": 8,
      "Length": 8
    }
  },
  "BackShirt": {
    "DisableGrayscale": true,
    "SleeveColors": [
      [ 163, 124, 91 ],
      [ 181, 143, 107 ],
      [ 190, 152, 116 ]
    ],
    "StartingPosition": {
      "X": 0,
      "Y": 24
    },
    "BodyPosition": {
      "X": 0,
      "Y": 0
    },
    "ShirtSize": {
      "Width": 8,
      "Length": 8
    }
  }
}