{
    "Name": "Striped Teal Sweater",
    "FrontShirt": {
  "SleeveColors": [
      [ 37,48,45 ],
      [ 50,67,63 ],
      [ 59,75,71 ]
    ],
    "SkinToneMasks": {
    "LightTone": [ 144, 144, 144 ],
    "MediumTone": [ 121, 121, 121 ],
    "DarkTone": [ 73, 73, 73 ]
    },
               "DisableGrayscale": true,
        "StartingPosition": {
            "X": 0,
            "Y": 0
        },
        "BodyPosition": {
            "X": 0,
            "Y": 0
        },
        "ShirtSize": {
            "Width": 8,
            "Length": 8
        }

    },
    "RightShirt": {
  "SleeveColors": [
      [ 37,48,45 ],
      [ 50,67,63 ],
      [ 59,75,71 ]
    ],
    "SkinToneMasks": {
    "LightTone": [ 144, 144, 144 ],
    "MediumTone": [ 121, 121, 121 ],
    "DarkTone": [ 73, 73, 73 ]
    },
               "DisableGrayscale": true,
        "StartingPosition": {
            "X": 0,
            "Y": 8
        },
        "BodyPosition": {
            "X": 0,
            "Y": 0
        },
        "ShirtSize": {
            "Width": 8,
            "Length": 8
        }
    },
    "LeftShirt": {
  "SleeveColors": [
      [ 37,48,45 ],
      [ 50,67,63 ],
      [ 59,75,71 ]
    ],
    "SkinToneMasks": {
    "LightTone": [ 144, 144, 144 ],
    "MediumTone": [ 121, 121, 121 ],
    "DarkTone": [ 73, 73, 73 ]
    },
               "DisableGrayscale": true,
        "StartingPosition": {
            "X": 0,
            "Y": 16
        },

        "BodyPosition": {
            "X": 0,
            "Y": 0
        },
        "ShirtSize": {
            "Width": 8,
            "Length": 8
        }
    },
    "BackShirt": {
  "SleeveColors": [
      [ 37,48,45 ],
      [ 50,67,63 ],
      [ 59,75,71 ]
    ],
    "SkinToneMasks": {
    "LightTone": [ 144, 144, 144 ],
    "MediumTone": [ 121, 121, 121 ],
    "DarkTone": [ 73, 73, 73 ]
    }, 
              "DisableGrayscale": true,
        "StartingPosition": {
            "X": 0,
            "Y": 24
        },
        "BodyPosition": {
            "X": 0,
            "Y": -1
        },
        "ShirtSize": {
            "Width": 8,
            "Length": 8
        }
    }
}