 {
    "Name": "Indigo Milk Cap Top",
    "FrontShirt": {
  "SleeveColors": [
      [ 49,73,142 ],
      [ 126,140,171 ],
      [ 146,158,184 ]
    ],
               "DisableGrayscale": true,
        "StartingPosition": {
            "X": 0,
            "Y": 0
        },
        "BodyPosition": {
            "X": 0,
            "Y": 0
        },
        "ShirtSize": {
            "Width": 8,
            "Length": 7
        }
    },
    "RightShirt": {
  "SleeveColors": [
      [ 49,73,142 ],
      [ 126,140,171 ],
      [ 146,158,184 ]
    ],
               "DisableGrayscale": true,
        "StartingPosition": {
            "X": 0,
            "Y": 7
        },
        "BodyPosition": {
            "X": 0,
            "Y": 0
        },
        "ShirtSize": {
            "Width": 8,
            "Length": 7
        }
    },
    "LeftShirt": {
  "SleeveColors": [
      [ 49,73,142 ],
      [ 126,140,171 ],
      [ 146,158,184 ]
    ],
               "DisableGrayscale": true,
        "StartingPosition": {
            "X": 0,
            "Y": 14
        },
        "BodyPosition": {
            "X": 0,
            "Y": 0
        },
        "ShirtSize": {
            "Width": 8,
            "Length": 7
        }
    },
    "BackShirt": {
  "SleeveColors": [
      [ 49,73,142 ],
      [ 126,140,171 ],
      [ 146,158,184 ]
    ],
              "DisableGrayscale": true,
        "StartingPosition": {
            "X": 0,
            "Y": 21
        },
        "BodyPosition": {
            "X": 0,
            "Y": -1
        },
        "ShirtSize": {
            "Width": 8,
            "Length": 8
        }
    }
}