{
  "Name": "Studs",
  "FrontAccessory": {
    "DrawBeforePlayer": true,
    "StartingPosition": {
      "X": 0,
      "Y": 0
    },
    "HeadPosition": {
      "X": 2,
      "Y": 4
    },
    "AccessorySize": {
      "Width": 20,
      "Length": 20
    }
  },
  "RightAccessory": {
    "DrawBeforePlayer": true,
    "StartingPosition": {
      "X": 0,
      "Y": 20
    },
    "HeadPosition": {
      "X": 2,
      "Y": 4
    },
    "AccessorySize": {
      "Width": 20,
      "Length": 20
    }
  }, 
    "LeftAccessory": {
    "DrawBeforePlayer": true,
    "StartingPosition": {
      "X": 0,
      "Y": 40
    },
    "HeadPosition": {
      "X": 2,
      "Y": 4
    },
    "AccessorySize": {
      "Width": 20,
      "Length": 20
    }
  },
  "BackAccessory": {
  "DrawBeforePlayer": true,
    "StartingPosition": {
      "X": 0,
      "Y": 60
    },
    "HeadPosition": {
      "X": 2,
      "Y": 4
    },
    "AccessorySize": {
      "Width": 20,
      "Length": 20
    }
  }
}
