{
    "Name": "Brown Sweater",
    "FrontShirt": {
  "SleeveColors": [
      [ 197,185,172 ],
      [ 237,228,218 ],
      [ 242,238,234 ]
    ],
               "DisableGrayscale": true,
        "StartingPosition": {
            "X": 0,
            "Y": 0
        },
        "BodyPosition": {
            "X": 0,
            "Y": 0
        },
        "ShirtSize": {
            "Width": 8,
            "Length": 8
        }

    },
    "RightShirt": {
  "SleeveColors": [
      [ 197,185,172 ],
      [ 237,228,218 ],
      [ 242,238,234 ]
    ],
               "DisableGrayscale": true,
        "StartingPosition": {
            "X": 0,
            "Y": 8
        },
        "BodyPosition": {
            "X": 0,
            "Y": 0
        },
        "ShirtSize": {
            "Width": 8,
            "Length": 8
        }
    },
    "LeftShirt": {
  "SleeveColors": [
      [ 197,185,172 ],
      [ 237,228,218 ],
      [ 242,238,234 ]
    ],
               "DisableGrayscale": true,
        "StartingPosition": {
            "X": 0,
            "Y": 16
        },

        "BodyPosition": {
            "X": 0,
            "Y": 0
        },
        "ShirtSize": {
            "Width": 8,
            "Length": 8
        }
    },
    "BackShirt": {
  "SleeveColors": [
      [ 197,185,172 ],
      [ 237,228,218 ],
      [ 242,238,234 ]
    ],
              "DisableGrayscale": true,
        "StartingPosition": {
            "X": 0,
            "Y": 24
        },
        "BodyPosition": {
            "X": 0,
            "Y": -1
        },
        "ShirtSize": {
            "Width": 8,
            "Length": 8
        }
    }
}