{
  "Name": "Turnip Head's Hat",
  "FrontHat": {
    "DisableGrayscale": true,
    "StartingPosition": {
      "X": 0,
      "Y": 0
    },
    "HeadPosition": {
      "X": 0,
      "Y": 1
    },
    "HatSize": {
      "Width": 20,
      "Length": 12
    }
  },
  "RightHat": {
    "DisableGrayscale": true,
    "StartingPosition": {
      "X": 0,
      "Y": 18
    },
    "HeadPosition": {
      "X": 0,
      "Y": 3
    },
    "HatSize": {
      "Width": 20,
      "Length": 13
    }
  }, 
    "LeftHat": {
    "DisableGrayscale": true,
    "StartingPosition": {
      "X": 0,
      "Y": 37
    },
    "HeadPosition": {
      "X": 0,
      "Y": 3
    },
    "HatSize": {
      "Width": 20,
      "Length": 13
    }
  },
  "BackHat": {
    "DisableGrayscale": true,
    "StartingPosition": {
      "X": 0,
      "Y": 57
    },
    "HeadPosition": {
      "X": 0,
      "Y": 0
    },
    "HatSize": {
      "Width": 20,
      "Length": 12
    }
  }
}
